Profielnaam;X_Maaiveld binnenwaarts;Y_Maaiveld binnenwaarts;Z_Maaiveld binnenwaarts;X_Insteek sloot polderzijde;Y_Insteek sloot polderzijde;Z_Insteek sloot polderzijde;X_Slootbodem polderzijde;Y_Slootbodem polderzijde;Z_Slootbodem polderzijde;X_Slootbodem dijkzijde;Y_Slootbodem dijkzijde;Z_Slootbodem dijkzijde;X_Insteek sloot dijkzijde;Y_Insteek_sloot dijkzijde;Z_Insteek sloot dijkzijde;X_Teen dijk binnenwaarts;Y_Teen dijk binnenwaarts;Z_Teen dijk binnenwaarts;X_Kruin binnenberm;Y_Kruin binnenberm;Z_Kruin binnenberm;X_Insteek binnenberm;Y_Insteek binnenberm;Z_Insteek binnenberm;X_Kruin binnentalud;Y_Kruin binnentalud;Z_Kruin binnentalud;X_Verkeersbelasting kant binnenwaarts;Y_Verkeersbelasting kant binnenwaarts;Z_Verkeersbelasting kant binnenwaarts;X_Verkeersbelasting kant buitenwaarts;Y_Verkeersbelasting kant buitenwaarts;Z_Verkeersbelasting kant buitenwaarts;X_Kruin buitentalud;Y_Kruin buitentalud;Z_Kruin buitentalud;X_Insteek buitenberm;Y_Insteek buitenberm;Z_Insteek buitenberm;X_Kruin buitenberm;Y_Kruin buitenberm;Z_Kruin buitenberm;X_Teen dijk buitenwaarts;Y_Teen dijk buitenwaarts;Z_Teen dijk buitenwaarts;X_Insteek geul;Y_Insteek geul;Z_Insteek geul;X_Teen geul;Y_Teen geul;Z_Teen geul;X_Maaiveld buitenwaarts;Y_Maaiveld buitenwaarts;Z_Maaiveld buitenwaarts
002_042_00001;28.5;0;-1.658;-1;-1;-1;-1;-1;-1;-1;-1;-1;-1;-1;-1;15;0;-1.416;-1;-1;-1;-1;-1;-1;11.5;0;-0.066;11.5;0;-0.066;9;0;-0.044;8.5;0;-0.221;-1;-1;-1;-1;-1;-1;6.781;0;-1.124;-1;-1;-1;-1;-1;-1;0;0;-1.8
002_042_00003;21.5;0;-2.45;-1;-1;-1;-1;-1;-1;-1;-1;-1;-1;-1;-1;16.5;0;-1.96;15.5;0;-1.72;14;0;-1.6;10.5;0;-0.58;9.5;0;-0.51;7;0;-0.4;5;0;-0.34;4.65;0;-1.129;3.44;0;-1.429;2.44;0;-1.617;-1;-1;-1;-1;-1;-1;0;0;-1.8
002_042_00004;26;0;-2.45;-1;-1;-1;-1;-1;-1;-1;-1;-1;-1;-1;-1;15.493;0;-2.45;-1;-1;-1;-1;-1;-1;13.5;0;-0.407;13;0;-0.21;10.5;0;-0.272;10;0;-0.466;-1;-1;-1;-1;-1;-1;7.725;0;-1.277;-1;-1;-1;-1;-1;-1;0;0;-1.277
002_042_00005;28;0;-2.45;-1;-1;-1;-1;-1;-1;-1;-1;-1;-1;-1;-1;22.701;0;-2.45;-1;-1;-1;-1;-1;-1;20.5;0;0.168;19;0;0.287;16.5;0;0.311;10.5;0;-0.129;-1;-1;-1;-1;-1;-1;9.237;0;-2.442;-1;-1;-1;-1;-1;-1;0;0;-4.2
002_042_00006;25;0;-0.55;16.167;0;-1.45;15.324;0;-2.2;14.324;0;-2.2;13.489;0;-1.45;13;0;-0.814;-1;-1;-1;-1;-1;-1;11.5;0;-0.156;10;0;-0.002;7.5;0;0.028;3.5;0;-0.336;-1;-1;-1;-1;-1;-1;2.436;0;-1.8;-1;-1;-1;-1;-1;-1;0;0;-1.8
002_042_00007;28;0;-2.45;-1;-1;-1;-1;-1;-1;-1;-1;-1;-1;-1;-1;22.701;0;-2.45;-1;-1;-1;-1;-1;-1;20.5;0;0.168;18.5;0;0.256;16;0;0.307;10;0;-0.129;-1;-1;-1;-1;-1;-1;9.237;0;-2.442;-1;-1;-1;-1;-1;-1;0;0;-4.2
002_042_00011;23;0;-1.278;15.5;0;-2.037;14.5;0;-2.45;12.5;0;-2.45;11;0;-1.493;11;0;-1.493;-1;-1;-1;-1;-1;-1;8;0;-0.171;6;0;-0.174;3.5;0;-0.334;3.5;0;-0.334;-1;-1;-1;-1;-1;-1;2.434;0;-1.8;-1;-1;-1;-1;-1;-1;0;0;-1.8
002_042_00012;28;0;-2.45;-1;-1;-1;-1;-1;-1;-1;-1;-1;-1;-1;-1;22.701;0;-2.45;-1;-1;-1;-1;-1;-1;20.5;0;0.168;19.5;0;0.279;17;0;0.325;10.5;0;-0.129;-1;-1;-1;-1;-1;-1;9.237;0;-2.442;-1;-1;-1;-1;-1;-1;0;0;-4.2
002_042_00018;15;0;-2.55;-1;-1;-1;-1;-1;-1;-1;-1;-1;-1;-1;-1;11.6;0;-2.55;10;0;-1.449;7.5;0;-0.8;5.5;0;-0.099;5.5;0;-0.099;3;0;-0.168;2.5;0;-0.218;-1;-1;-1;-1;-1;-1;1.155;0;-1.8;-1;-1;-1;-1;-1;-1;0;0;-1.8
002_042_00023;30;0;-2.35;26.522;0;-2.35;26.522;0;-2.35;26.522;0;-2.35;25.5;0;-1.09;25.5;0;-1.09;-1;-1;-1;-1;-1;-1;23.5;0;0.225;22;0;0.245;19.5;0;0.275;13;0;0.023;-1;-1;-1;-1;-1;-1;11.338;0;-2.087;-1;-1;-1;-1;-1;-1;0;0;-4.2
002_042_00024;39;0;-0.698;31.311;0;-2.29;30.635;0;-2.95;30;0;-2.95;29.406;0;-2.29;29;0;-1.838;28.5;0;-1.739;27.5;0;-1.638;24.5;0;-0.504;20.5;0;-0.241;18;0;-0.167;4;0;-0.274;-1;-1;-1;-1;-1;-1;2.571;0;-1.8;-1;-1;-1;-1;-1;-1;0;0;-1.8
002_042_00025;30;0;-2.35;-1;-1;-1;-1;-1;-1;-1;-1;-1;-1;-1;-1;26.211;0;-2.29;-1;-1;-1;-1;-1;-1;24.5;0;0.021;22.5;0;0.235;20;0;0.284;12.5;0;-0.08;-1;-1;-1;-1;-1;-1;11.338;0;-2.087;-1;-1;-1;-1;-1;-1;0;0;-4.2
002_042_00026;18;0;-2.95;-1;-1;-1;-1;-1;-1;-1;-1;-1;-1;-1;-1;14;0;-2.95;12.5;0;-1.336;12;0;-1.336;9;0;-0.367;8;0;-0.406;5.5;0;-0.652;7.5;0;-0.363;-1;-1;-1;-1;-1;-1;3.275;0;-1.8;-1;-1;-1;-1;-1;-1;0;0;-1.8
002_042_00027;30;0;-2.35;-1;-1;-1;-1;-1;-1;-1;-1;-1;-1;-1;-1;26.211;0;-2.29;-1;-1;-1;-1;-1;-1;24.5;0;0.021;22;0;0.245;19.5;0;0.275;12.5;0;-0.08;-1;-1;-1;-1;-1;-1;11.338;0;-2.087;-1;-1;-1;-1;-1;-1;0;0;-4.2
002_042_00036;30;0;-2.7;-1;-1;-1;-1;-1;-1;-1;-1;-1;-1;-1;-1;25;0;-2.7;23.5;0;-1.38;20;0;-1.22;17;0;-0.08;17;0;-0.08;14.5;0;0;14.5;0;0;-1;-1;-1;-1;-1;-1;10.97;0;-1.947;-1;-1;-1;-1;-1;-1;0;0;-3.1
002_042_00039;16;0;-2.95;-1;-1;-1;-1;-1;-1;-1;-1;-1;-1;-1;-1;13.5;0;-2.95;12.5;0;-2.006;11;0;-2.004;7.5;0;-0.28;7.5;0;-0.28;5;0;-0.073;4.5;0;-0.08;-1;-1;-1;-1;-1;-1;2.632;0;-1.8;-1;-1;-1;-1;-1;-1;0;0;-1.8
002_042_00040;25;0;-2.95;-1;-1;-1;-1;-1;-1;-1;-1;-1;-1;-1;-1;18.5;0;-2.95;17;0;-1.54;14;0;-1.39;10.5;0;-0.21;10;0;-0.12;7.5;0;-0.6;8;0;-0.42;-1;-1;-1;-1;-1;-1;1.25;0;-3.1;-1;-1;-1;-1;-1;-1;0;0;-3.1
002_042_00041;14;0;-2.15;-1;-1;-1;-1;-1;-1;-1;-1;-1;-1;-1;-1;9.379;0;-2.15;-1;-1;-1;-1;-1;-1;7.5;0;-0.372;7.5;0;-0.372;5;0;-0.26;5;0;-0.26;-1;-1;-1;-1;-1;-1;3.86;0;-1.8;-1;-1;-1;-1;-1;-1;0;0;-1.8
002_042_00042;28;0;-2.45;-1;-1;-1;-1;-1;-1;-1;-1;-1;-1;-1;-1;22.701;0;-2.45;-1;-1;-1;-1;-1;-1;20.5;0;0.168;18.5;0;0.256;16;0;0.307;11;0;0.097;-1;-1;-1;-1;-1;-1;9.237;0;-2.442;-1;-1;-1;-1;-1;-1;0;0;-4.2
002_042_00043;22;0;-2.55;-1;-1;-1;-1;-1;-1;-1;-1;-1;-1;-1;-1;18.6;0;-2.55;15;0;-0.8;14.5;0;-0.8;12.5;0;-0.099;12.5;0;-0.099;10;0;-0.168;9.5;0;-0.218;-1;-1;-1;-1;-1;-1;8.155;0;-1.8;-1;-1;-1;-1;-1;-1;0;0;-1.8
002_042_00044;15;0;-2.55;11.6;0;-2.55;11.6;0;-2.55;11.6;0;-2.55;10;0;-1.449;9.5;0;-1.415;-1;-1;-1;-1;-1;-1;5.5;0;-0.099;5.5;0;-0.099;3;0;-0.168;2.5;0;-0.218;-1;-1;-1;-1;-1;-1;1.155;0;-1.8;-1;-1;-1;-1;-1;-1;0;0;-1.8
002_042_00045;30;0;-2.35;26.522;0;-2.35;26.522;0;-2.35;26.522;0;-2.35;25.5;0;-1.09;25.5;0;-1.09;-1;-1;-1;-1;-1;-1;23.5;0;0.225;22.5;0;0.235;20;0;0.284;13;0;0.023;-1;-1;-1;-1;-1;-1;11.338;0;-2.087;-1;-1;-1;-1;-1;-1;0;0;-4.2
002_042_00046;20;0;-2.95;16.2;0;-2.95;16.2;0;-2.95;16.2;0;-2.95;14.571;0;-1.34;14.571;0;-1.34;-1;-1;-1;-1;-1;-1;13;0;-0.07;12.5;0;-0.07;10;0;0.105;7.5;0;-0.161;-1;-1;-1;-1;-1;-1;5.119;0;-1.8;-1;-1;-1;-1;-1;-1;0;0;-1.8
002_042_00047;18;0;-2.95;14.567;0;-2.95;14.567;0;-2.95;14.567;0;-2.95;13;0;-1.617;12;0;-1.327;-1;-1;-1;-1;-1;-1;8;0;-0.589;7.5;0;-0.557;5;0;-0.638;6;0;-0.397;-1;-1;-1;-1;-1;-1;3.308;0;-1.8;-1;-1;-1;-1;-1;-1;0;0;-1.8
002_042_00048;27.5;0;-2;25.244;0;-2;25.244;0;-2;25.244;0;-2;24;0;-1.023;20;0;-0.528;-1;-1;-1;-1;-1;-1;17.5;0;-0.064;17;0;-0.046;14.5;0;-1.043;16;0;-0.125;-1;-1;-1;-1;-1;-1;9.125;0;-3.1;-1;-1;-1;-1;-1;-1;0;0;-3.1
002_042_00049;34;0;-1.151;-1;-1;-1;-1;-1;-1;-1;-1;-1;-1;-1;-1;29;0;-1.088;-1;-1;-1;-1;-1;-1;22;0;-0.368;21.5;0;-0.349;19;0;-0.278;14;0;-0.287;-1;-1;-1;-1;-1;-1;7.204;0;-3.1;-1;-1;-1;-1;-1;-1;0;0;-3.148
002_042_00050;30;0;-2.7;25;0;-2.7;25;0;-2.7;25;0;-2.7;23.5;0;-1.38;20;0;-1.22;-1;-1;-1;-1;-1;-1;17;0;-0.08;16.5;0;-0.01;14;0;-0.36;14.5;0;0;-1;-1;-1;-1;-1;-1;7.15;0;-3.1;-1;-1;-1;-1;-1;-1;0;0;-3.1
002_042_00051;17;0;-2.7;16.7;0;-2.7;16.7;0;-2.7;16.7;0;-2.7;14.5;0;-1.09;14;0;-1.09;-1;-1;-1;-1;-1;-1;11;0;-0.004;10.5;0;-0.004;8;0;-0.776;9;0;-0.058;-1;-1;-1;-1;-1;-1;4.247;0;-1.724;-1;-1;-1;-1;-1;-1;0;0;-1.724
002_042_00052;33.5;0;-0.87;-1;-1;-1;-1;-1;-1;-1;-1;-1;-1;-1;-1;13;0;-0.961;-1;-1;-1;-1;-1;-1;6;0;-0.334;5.5;0;-0.296;3;0;-0.587;3.5;0;-0.416;-1;-1;-1;-1;-1;-1;2.187;0;-1.8;-1;-1;-1;-1;-1;-1;0;0;-1.8
010_042_00001;36.474;0;-3.401;32.921;0;-3.363;32.921;0;-3.363;32.921;0;-3.363;29.1;0;-1.47;19.7;0;-1.17;-1;-1;-1;-1;-1;-1;10.7;0;-0.05;10.2;0;-0.04;7.7;0;-0.03;7.2;0;-0.03;-1;-1;-1;-1;-1;-1;6.3;0;-0.9;-1;-1;-1;-1;-1;-1;0;0;-1.59
010_042_00003;33;0;-3.031;22.6;0;-3.018;22.6;0;-3.018;22.6;0;-3.018;18;0;-1.079;13.5;0;-1.046;-1;-1;-1;-1;-1;-1;12;0;-0.81;11;0;-0.772;8.5;0;-0.81;6.5;0;-0.35;-1;-1;-1;-1;-1;-1;3.3;0;-1.33;-1;-1;-1;-1;-1;-1;0;0;-1.341
010_042_00004;29;0;-1.617;-1;-1;-1;-1;-1;-1;-1;-1;-1;-1;-1;-1;12;0;-1.15;-1;-1;-1;-1;-1;-1;9;0;-0.23;8.5;0;-0.21;6;0;-0.6;7;0;-0.2;-1;-1;-1;-1;-1;-1;5.8;0;-1.23;-1;-1;-1;-1;-1;-1;0;0;-1.67
010_042_00006;35;0;-1.778;18;0;-1.783;16.116;0;-2.725;15.919;0;-2.721;14;0;-1.517;9.5;0;-1.446;-1;-1;-1;-1;-1;-1;6;0;-0.712;5.5;0;-0.61;3;0;-1.45;5;0;-0.73;-1;-1;-1;-1;-1;-1;3;0;-1.45;-1;-1;-1;-1;-1;-1;0;0;-1.45
010_042_00007;44;0;-2.846;18.579;0;-2.865;18.579;0;-2.865;18.579;0;-2.865;16;0;-1.746;10.5;0;-1.582;-1;-1;-1;-1;-1;-1;7.5;0;-0.687;7;0;-0.56;4.5;0;-1.043;6.5;0;-0.55;-1;-1;-1;-1;-1;-1;3.5;0;-1.45;-1;-1;-1;-1;-1;-1;0;0;-1.45
010_042_00008;35;0;-2.82;19.317;0;-2.82;19.317;0;-2.82;19.317;0;-2.82;16;0;-1.454;15.5;0;-1.433;-1;-1;-1;-1;-1;-1;13;0;-0.909;12;0;-0.903;9.5;0;-0.836;6;0;-0.55;-1;-1;-1;-1;-1;-1;3.5;0;-1.45;-1;-1;-1;-1;-1;-1;0;0;-1.45
010_042_00009;35;0;-2.87;28;0;-2.87;28;0;-2.87;28;0;-2.87;25.12;0;-1.44;21.13;0;-1.04;-1;-1;-1;-1;-1;-1;16.34;0;0.09;15.92;0;0.14;13.42;0;-0.734;15;0;0.11;-1;-1;-1;-1;-1;-1;8;0;-3.1;-1;-1;-1;-1;-1;-1;0;0;-3.1
010_042_00010;30;0;-2.72;19.579;0;-2.72;19.579;0;-2.72;19.579;0;-2.72;18.053;0;-2.033;12.7;0;-1.053;-1;-1;-1;-1;-1;-1;11.2;0;-0.105;10.7;0;-0.114;8.2;0;-0.276;9.7;0;-0.033;-1;-1;-1;-1;-1;-1;1.8;0;-2.64;-1;-1;-1;-1;-1;-1;0;0;-2.82
010_042_00011;55.07;0;-1.82;32.48;0;-1.91;30.69;0;-2.89;29.4;0;-2.96;28;0;-1.83;19.56;0;-1.71;-1;-1;-1;-1;-1;-1;14.27;0;0.15;13.95;0;0.14;11.45;0;-0.615;13;0;0.09;-1;-1;-1;-1;-1;-1;6.5;0;-2.3;-1;-1;-1;-1;-1;-1;0;0;-2.3
010_042_00012;41.751;0;-2.87;32.171;0;-2.87;32.171;0;-2.87;32.171;0;-2.87;28.085;0;-1.575;19.751;0;-1.211;-1;-1;-1;-1;-1;-1;16.251;0;0.039;15.751;0;0.046;13.251;0;-0.52;15.251;0;0.065;-1;-1;-1;-1;-1;-1;2.749;0;-3.161;-1;-1;-1;-1;-1;-1;0;0;-3.161
010_042_00013;39.5;0;-1.62;-1;-1;-1;-1;-1;-1;-1;-1;-1;-1;-1;-1;15.5;0;-1.383;-1;-1;-1;-1;-1;-1;11;0;0.045;10.5;0;0.06;8;0;-0.805;9.5;0;0.07;-1;-1;-1;-1;-1;-1;8.99;0;-0.8;-1;-1;-1;-1;-1;-1;0;0;-1.246
016_042_00007;36.5;0;-1.6;29;0;-1.762;26.929;0;-2.85;26.14;0;-2.85;25;0;-1.905;25;0;-1.905;-1;-1;-1;-1;-1;-1;22;0;-0.249;18.5;0;-0.128;16;0;-0.028;6;0;-0.293;-1;-1;-1;-1;-1;-1;3.324;0;-1.8;-1;-1;-1;-1;-1;-1;0;0;-1.8
016_042_00008;17.848;0;-1.719;17.06;0;-1.85;15.776;0;-2.817;15.557;0;-2.817;14;0;-1.527;14;0;-1.527;-1;-1;-1;-1;-1;-1;9;0;-0.241;8.5;0;-0.19;6;0;-0.186;5.5;0;-0.223;-1;-1;-1;-1;-1;-1;2.643;0;-1.8;-1;-1;-1;-1;-1;-1;0;0;-1.8
016_042_00009;36.5;0;-1.6;29;0;-1.762;26.929;0;-2.85;26.14;0;-2.85;25;0;-1.905;25;0;-1.905;-1;-1;-1;-1;-1;-1;22;0;-0.249;21;0;-0.199;18.5;0;-0.128;6;0;-0.293;-1;-1;-1;-1;-1;-1;3.324;0;-1.8;-1;-1;-1;-1;-1;-1;0;0;-1.8
016_042_00018;39.987;0;-1.152;36.204;0;-1.125;33.387;0;-2.7;33.003;0;-2.7;29.987;0;-0.988;17.487;0;-0.762;-1;-1;-1;-1;-1;-1;11.987;0;-0.217;11.487;0;-0.181;8.987;0;-0.425;9.987;0;-0.199;-1;-1;-1;-1;-1;-1;2.753;0;-2.7;-1;-1;-1;-1;-1;-1;0;0;-2.7
016_042_00019;39;0;-1.74;33;0;-1.788;31.06;0;-2.7;30.382;0;-2.7;29;0;-1.708;22.5;0;-1.518;-1;-1;-1;-1;-1;-1;17.5;0;-0.495;17.5;0;-0.495;15;0;-0.511;8.5;0;-0.282;-1;-1;-1;-1;-1;-1;3.35;0;-2.2;-1;-1;-1;-1;-1;-1;0;0;-2.2
016_042_00020;72;0;-0.44;54.5;0;-0.654;48.361;0;-3.3;45.729;0;-3.3;42.5;0;-1.451;41.5;0;-1.356;-1;-1;-1;-1;-1;-1;39;0;-0.63;37;0;-0.543;34.5;0;-0.534;13.5;0;-0.381;-1;-1;-1;-1;-1;-1;4.7;0;-2.2;-1;-1;-1;-1;-1;-1;0;0;-2.3
016_042_00021;56;0;-0.946;45;0;-1.056;39.005;0;-3.3;36.808;0;-3.3;32.5;0;-1.278;28;0;-1.168;-1;-1;-1;-1;-1;-1;23;0;-0.477;22;0;-0.447;19.5;0;-0.429;15.5;0;-0.273;-1;-1;-1;-1;-1;-1;8;0;-3.3;-1;-1;-1;-1;-1;-1;0;0;-3.3
016_042_00022;44.015;0;-1.823;28.375;0;-1.538;27.943;0;-1.871;26.039;0;-1.837;25.5;0;-1.524;21.5;0;-1.27;-1;-1;-1;-1;-1;-1;13.5;0;-0.162;13;0;-0.112;10.5;0;-0.483;11.5;0;-0.201;-1;-1;-1;-1;-1;-1;4.18;0;-3.3;-1;-1;-1;-1;-1;-1;0;0;-3.3
016_042_00023;34;0;-2.85;27.324;0;-2.85;27.324;0;-2.85;27.324;0;-2.85;23.5;0;-1.527;19.5;0;-1.442;-1;-1;-1;-1;-1;-1;14;0;-0.116;13.5;0;-0.094;11;0;-0.403;12;0;-0.131;-1;-1;-1;-1;-1;-1;4.453;0;-3.3;-1;-1;-1;-1;-1;-1;0;0;-3.3
016_042_00024;40;0;-1.784;27.5;0;-1.776;25.958;0;-2.71;24.763;0;-2.85;23.5;0;-1.829;23.5;0;-1.829;-1;-1;-1;-1;-1;-1;18.5;0;-0.202;18;0;-0.122;15.5;0;-0.095;13.5;0;-0.271;-1;-1;-1;-1;-1;-1;5.023;0;-4.021;-1;-1;-1;-1;-1;-1;0;0;-4.2
016_042_00025;22.5;0;-1.609;16;0;-1.612;14.181;0;-2.85;13.649;0;-2.85;12;0;-1.471;11.5;0;-1.471;-1;-1;-1;-1;-1;-1;9.5;0;-0.249;9;0;-0.198;6.5;0;-0.226;5.5;0;-0.298;-1;-1;-1;-1;-1;-1;2.496;0;-1.8;-1;-1;-1;-1;-1;-1;0;0;-1.8
016_042_00026;36.5;0;-1.6;28.5;0;-1.873;26.929;0;-2.85;26.14;0;-2.85;25;0;-1.905;25;0;-1.905;-1;-1;-1;-1;-1;-1;22;0;-0.249;21.5;0;-0.217;19;0;-0.128;6;0;-0.293;-1;-1;-1;-1;-1;-1;3.324;0;-1.8;-1;-1;-1;-1;-1;-1;0;0;-1.8
016_042_00027;40;0;-1.784;27.5;0;-1.776;25.782;0;-2.85;24.763;0;-2.85;23.5;0;-1.829;23.5;0;-1.829;-1;-1;-1;-1;-1;-1;18.5;0;-0.202;18;0;-0.122;15.5;0;-0.095;13.5;0;-0.271;-1;-1;-1;-1;-1;-1;4.03;0;-4.2;-1;-1;-1;-1;-1;-1;0;0;-4.2
016_042_00028;40;0;-1.784;26.5;0;-1.95;25.582;0;-2.85;24.936;0;-2.85;24.147;0;-2.035;23.5;0;-1.829;-1;-1;-1;-1;-1;-1;18.5;0;-0.202;18;0;-0.122;15.5;0;-0.095;13.5;0;-0.271;-1;-1;-1;-1;-1;-1;7.389;0;-4.2;-1;-1;-1;-1;-1;-1;0;0;-4.2
016_042_00029;54.5;0;-1.46;39.5;0;-1.658;37.341;0;-2.85;36.763;0;-2.85;35.5;0;-1.813;35.5;0;-1.813;-1;-1;-1;-1;-1;-1;30;0;-0.088;28;0;-0.09;25.5;0;-0.13;19.5;0;-0.155;-1;-1;-1;-1;-1;-1;7.426;0;-4.2;-1;-1;-1;-1;-1;-1;0;0;-4.2
016_042_00030;40;0;-1.784;26.5;0;-1.95;25.582;0;-2.85;24.936;0;-2.85;24.147;0;-2.035;23.5;0;-1.829;-1;-1;-1;-1;-1;-1;18.5;0;-0.202;18;0;-0.122;15.5;0;-0.095;13.5;0;-0.271;-1;-1;-1;-1;-1;-1;7.389;0;-4.2;-1;-1;-1;-1;-1;-1;0;0;-4.2
016_042_00031;45;0;-1.097;-1;-1;-1;-1;-1;-1;-1;-1;-1;-1;-1;-1;27.5;0;-0.928;-1;-1;-1;-1;-1;-1;16.5;0;-0.131;15.5;0;-0.025;13;0;-0.153;10.077;0;-0.346;-1;-1;-1;-1;-1;-1;5.038;0;-4.2;-1;-1;-1;-1;-1;-1;0;0;-4.2
016_042_00032;30;0;-2.85;24.5;0;-2.85;24.5;0;-2.85;24.5;0;-2.85;22.82;0;-1.694;21.5;0;-1.622;-1;-1;-1;-1;-1;-1;14;0;-0.11;13.5;0;-0.054;11;0;-0.329;11.5;0;-0.194;-1;-1;-1;-1;-1;-1;3.5;0;-3.3;-1;-1;-1;-1;-1;-1;0;0;-3.3
016_042_00033;58.5;0;-0.708;-1;-1;-1;-1;-1;-1;-1;-1;-1;-1;-1;-1;47.5;0;-0.428;-1;-1;-1;-1;-1;-1;39;0;-0.111;33;0;-0.099;30.5;0;-0.1;12.5;0;-0.179;-1;-1;-1;-1;-1;-1;4.847;0;-3.5;-1;-1;-1;-1;-1;-1;0;0;-3.5
016_042_00034;51;0;-2.85;33.855;0;-2.85;33.855;0;-2.85;33.855;0;-2.85;32;0;-1.697;21.5;0;-1.43;-1;-1;-1;-1;-1;-1;16;0;-0.115;15.5;0;-0.148;13;0;-0.545;14.5;0;-0.157;-1;-1;-1;-1;-1;-1;4.334;0;-3.8;-1;-1;-1;-1;-1;-1;0;0;-3.8
019_042_00008;30;0;-1.52;-1;-1;-1;-1;-1;-1;-1;-1;-1;-1;-1;-1;17.5;0;-1.11;-1;-1;-1;-1;-1;-1;13.5;0;-0.14;13;0;-0.1;10.5;0;-0.43;11.5;0;-0.12;-1;-1;-1;-1;-1;-1;7.54;0;-1.34;-1;-1;-1;-1;-1;-1;0;0;-1.34
019_042_00009;35;0;-2.05;32;0;-2.1;30.06;0;-3.07;29.94;0;-3.07;27;0;-1.79;22;0;-1.59;-1;-1;-1;-1;-1;-1;16;0;-0.19;15.5;0;-0.16;13;0;-0.29;12;0;-0.34;-1;-1;-1;-1;-1;-1;10.42;0;-1.85;-1;-1;-1;-1;-1;-1;0;0;-2.3
019_042_00010;37;0;-1.95;-1;-1;-1;-1;-1;-1;-1;-1;-1;-1;-1;-1;28.5;0;-1.68;-1;-1;-1;-1;-1;-1;24;0;-0.22;23.5;0;-0.22;21;0;-0.33;21;0;-0.33;-1;-1;-1;-1;-1;-1;6.8;0;-4.11;-1;-1;-1;-1;-1;-1;0;0;-4.11
019_042_00011;37;0;-1.95;-1;-1;-1;-1;-1;-1;-1;-1;-1;-1;-1;-1;28.5;0;-1.68;-1;-1;-1;-1;-1;-1;24;0;-0.22;23.5;0;-0.22;21;0;-0.33;21;0;-0.33;-1;-1;-1;-1;-1;-1;6.8;0;-4.11;-1;-1;-1;-1;-1;-1;0;0;-4.11
019_042_00012;37;0;-1.95;-1;-1;-1;-1;-1;-1;-1;-1;-1;-1;-1;-1;28.5;0;-1.68;-1;-1;-1;-1;-1;-1;24;0;-0.22;23.5;0;-0.22;21;0;-0.33;21;0;-0.33;-1;-1;-1;-1;-1;-1;6.8;0;-4.11;-1;-1;-1;-1;-1;-1;0;0;-4.11
019_042_00013;32;0;-1.91;-1;-1;-1;-1;-1;-1;-1;-1;-1;-1;-1;-1;19;0;-1.75;-1;-1;-1;-1;-1;-1;14;0;-0.1;13.5;0;-0.01;11;0;-0.39;12;0;-0.02;-1;-1;-1;-1;-1;-1;7.66;0;-1.34;-1;-1;-1;-1;-1;-1;0;0;-1.34
019_042_00014;32;0;-1.91;-1;-1;-1;-1;-1;-1;-1;-1;-1;-1;-1;-1;19;0;-1.75;-1;-1;-1;-1;-1;-1;13.5;0;-0.01;13;0;0;10.5;0;-0.58;12;0;-0.02;-1;-1;-1;-1;-1;-1;7.66;0;-1.34;-1;-1;-1;-1;-1;-1;0;0;-1.34
019_042_00015;32;0;-1.91;-1;-1;-1;-1;-1;-1;-1;-1;-1;-1;-1;-1;19;0;-1.75;-1;-1;-1;-1;-1;-1;14;0;-0.1;13.5;0;-0.01;11;0;-0.39;12;0;-0.02;-1;-1;-1;-1;-1;-1;7.66;0;-1.34;-1;-1;-1;-1;-1;-1;0;0;-1.34
019_042_00016;51.6;0;-1.97;48.608;0;-2.06;47.46;0;-2.97;46.68;0;-2.97;44.6;0;-1.91;39.1;0;-1.69;-1;-1;-1;-1;-1;-1;33.1;0;-0.16;32.6;0;-0.11;30.1;0;-0.52;31.1;0;-0.15;-1;-1;-1;-1;-1;-1;17.6;0;-2.1;-1;-1;-1;-1;-1;-1;0;0;-3.1
019_042_00017;30;0;-1.22;-1;-1;-1;-1;-1;-1;-1;-1;-1;-1;-1;-1;14.5;0;-0.88;-1;-1;-1;-1;-1;-1;12;0;-0.23;11.5;0;-0.17;9;0;-1.324;10.5;0;-0.18;-1;-1;-1;-1;-1;-1;5.99;0;-2.39;-1;-1;-1;-1;-1;-1;0;0;-2.39
019_042_00018;30;0;-1.22;-1;-1;-1;-1;-1;-1;-1;-1;-1;-1;-1;-1;15;0;-0.92;-1;-1;-1;-1;-1;-1;12;0;-0.23;11.5;0;-0.17;9;0;-1.324;10.5;0;-0.18;-1;-1;-1;-1;-1;-1;5.99;0;-2.39;-1;-1;-1;-1;-1;-1;0;0;-2.39
019_042_00019;40;0;-1.87;-1;-1;-1;-1;-1;-1;-1;-1;-1;-1;-1;-1;28.5;0;-1.71;-1;-1;-1;-1;-1;-1;23;0;-0.08;22.5;0;-0.06;20;0;-0.41;20.5;0;-0.22;-1;-1;-1;-1;-1;-1;16.7;0;-2.04;-1;-1;-1;-1;-1;-1;0;0;-3.17
019_042_00020;30;0;-1.52;-1;-1;-1;-1;-1;-1;-1;-1;-1;-1;-1;-1;17;0;-1.07;-1;-1;-1;-1;-1;-1;13.5;0;-0.14;13;0;-0.1;10.5;0;-0.43;11.5;0;-0.12;-1;-1;-1;-1;-1;-1;7.54;0;-1.34;-1;-1;-1;-1;-1;-1;0;0;-1.34
021_042_00003;37.198;0;-2.95;18.104;0;-2.95;18.104;0;-2.95;18.104;0;-2.95;15.5;0;-1.72;14.5;0;-1.66;-1;-1;-1;-1;-1;-1;10;0;-0.89;9.5;0;-0.85;7;0;-1.35;9;0;-0.79;-1;-1;-1;-1;-1;-1;7.51;0;-1.35;-1;-1;-1;-1;-1;-1;0;0;-1.35
021_042_00009;37.198;0;-2.95;18.104;0;-2.95;18.104;0;-2.95;18.104;0;-2.95;17.5;0;-2.26;17;0;-2.21;-1;-1;-1;-1;-1;-1;10;0;-0.89;9.5;0;-0.85;7;0;-1.35;9;0;-0.79;-1;-1;-1;-1;-1;-1;7.51;0;-1.35;-1;-1;-1;-1;-1;-1;0;0;-1.35
021_042_00010;26.292;0;-3.351;20.389;0;-3.293;20.389;0;-3.293;20.389;0;-3.293;18.966;0;-1.89;14.466;0;-1.47;-1;-1;-1;-1;-1;-1;10.466;0;-0.29;10.466;0;-0.29;7.966;0;-1.089;9.466;0;-0.27;-1;-1;-1;-1;-1;-1;5.34;0;-3.3;-1;-1;-1;-1;-1;-1;0;0;-3.3
021_042_00011;33.41;0;-1.93;25.21;0;-2.115;24.395;0;-2.95;13.683;0;-2.95;10.91;0;-1.15;7.91;0;-1.16;-1;-1;-1;-1;-1;-1;5.91;0;-0.7;5.41;0;-0.58;2.91;0;-1.8;4.41;0;-0.61;-1;-1;-1;-1;-1;-1;2.91;0;-1.8;-1;-1;-1;-1;-1;-1;0;0;-1.8
021_042_00012;33.41;0;-1.93;25.21;0;-2.115;24.395;0;-2.95;13.683;0;-2.95;11.91;0;-1.52;7.91;0;-1.16;-1;-1;-1;-1;-1;-1;5.91;0;-0.7;5.41;0;-0.58;2.91;0;-1.8;4.41;0;-0.61;-1;-1;-1;-1;-1;-1;2.91;0;-1.8;-1;-1;-1;-1;-1;-1;0;0;-1.8
021_042_00013;24.298;0;-2.047;22.58;0;-2.07;21.642;0;-2.943;17.978;0;-2.95;17;0;-2.08;16.5;0;-1.87;-1;-1;-1;-1;-1;-1;13;0;-0.48;13;0;-0.48;10.5;0;-0.18;10.5;0;-0.18;-1;-1;-1;-1;-1;-1;8.3;0;-1.8;-1;-1;-1;-1;-1;-1;0;0;-1.8
021_042_00014;47.451;0;-1.01;-1;-1;-1;-1;-1;-1;-1;-1;-1;-1;-1;-1;15.5;0;-0.83;-1;-1;-1;-1;-1;-1;12.5;0;0.1;12;0;0.1;9.5;0;-0.688;10.5;0;0.03;-1;-1;-1;-1;-1;-1;6.61;0;-3.35;-1;-1;-1;-1;-1;-1;0;0;-3.35
021_042_00015;30;0;-2.24;26.847;0;-2.205;26.26;0;-3.25;24.807;0;-3.25;24;0;-2.17;24;0;-2.17;22.5;0;-1.54;18;0;-1.45;14;0;-0.46;13.5;0;-0.27;11;0;-0.2;10.5;0;-0.4;-1;-1;-1;-1;-1;-1;10.266;0;-3.539;-1;-1;-1;-1;-1;-1;0;0;-3.568
028_042_00001;83.37;0;-5.3;78.37;0;-5.3;78.37;0;-5.3;78.37;0;-5.3;75.5;0;-3.68;59.5;0;-3.16;-1;-1;-1;-1;-1;-1;28;0;0.15;27.5;0;0.18;25;0;0.15;22.5;0;0.08;-1;-1;-1;-1;-1;-1;15;0;-1.49;-1;-1;-1;-1;-1;-1;0;0;-2.15
028_042_00007;47.5;0;-3.83;40.199;0;-3.96;38.665;0;-4.995;37.665;0;-4.995;36;0;-3.86;24.5;0;-2.74;-1;-1;-1;-1;-1;-1;16;0;-0.82;15;0;-0.8;12.5;0;-0.77;11.5;0;-0.8;-1;-1;-1;-1;-1;-1;0.99;0;-3.7;-1;-1;-1;-1;-1;-1;0;0;-3.7
028_042_00008;60;0;-3.75;45;0;-4.43;44.14;0;-5.25;43.14;0;-5.25;42;0;-4.49;29;0;-2.97;-1;-1;-1;-1;-1;-1;18;0;-0.52;16.5;0;-0.41;14;0;-0.4;13.5;0;-0.4;-1;-1;-1;-1;-1;-1;4.63;0;-3.7;-1;-1;-1;-1;-1;-1;0;0;-3.7
028_042_00017;45;0;-5.089;39.31;0;-5.09;39.31;0;-5.09;39.31;0;-5.09;37;0;-4.39;31.5;0;-3.81;-1;-1;-1;-1;-1;-1;18.5;0;-0.82;17.5;0;-0.79;15;0;-0.78;7.5;0;-1.27;-1;-1;-1;-1;-1;-1;4.276;0;-3.4;-1;-1;-1;-1;-1;-1;0;0;-3.4
028_042_00018;40.34;0;-4.8;34.513;0;-4.8;34.513;0;-4.8;34.513;0;-4.8;31.5;0;-3.08;25.5;0;-2.65;-1;-1;-1;-1;-1;-1;18.5;0;-1.45;17.5;0;-1.36;15;0;-1.24;14;0;-1.28;-1;-1;-1;-1;-1;-1;11.633;0;-2.73;-1;-1;-1;-1;-1;-1;0;0;-2.73
028_042_00023;55.5;0;-3.45;48.128;0;-3.77;46.259;0;-5.1;45.259;0;-5.1;43;0;-3.83;28;0;-3.07;-1;-1;-1;-1;-1;-1;17;0;-1.08;14;0;-1.16;11.5;0;-1.02;7;0;-1.11;-1;-1;-1;-1;-1;-1;2.971;0;-2.73;-1;-1;-1;-1;-1;-1;0;0;-2.73
028_042_00026;58;0;-3.41;44.421;0;-3.67;42.409;0;-5.05;41.409;0;-5.05;39.786;0;-3.97;38.5;0;-3.66;-1;-1;-1;-1;-1;-1;17;0;-0.6;16.5;0;-0.57;14;0;-0.55;12.5;0;-0.38;-1;-1;-1;-1;-1;-1;2.041;0;-2.73;-1;-1;-1;-1;-1;-1;0;0;-2.73
028_042_00027;83.37;0;-5.3;78.37;0;-5.3;78.37;0;-5.3;78.37;0;-5.3;75.5;0;-3.68;51;0;-2.63;-1;-1;-1;-1;-1;-1;28.5;0;0.06;28;0;0.15;25.5;0;0.17;22.5;0;0.08;-1;-1;-1;-1;-1;-1;15;0;-1.49;-1;-1;-1;-1;-1;-1;0;0;-2.15
028_042_00028;63.5;0;-1.63;-1;-1;-1;-1;-1;-1;-1;-1;-1;-1;-1;-1;39.244;0;-1.602;-1;-1;-1;-1;-1;-1;35.5;0;-0.39;34.5;0;-0.35;32;0;-0.32;32.5;0;-0.23;-1;-1;-1;-1;-1;-1;26.5;0;-1.56;-1;-1;-1;-1;-1;-1;0;0;-2.18
028_042_00029;56.5;0;-3.45;55.078;0;-3.53;52.082;0;-5.295;51.082;0;-5.295;48.5;0;-3.74;39.5;0;-2.56;-1;-1;-1;-1;-1;-1;28.5;0;0.04;25;0;0.13;22.5;0;-0.03;17.5;0;-0.1;-1;-1;-1;-1;-1;-1;5;0;-2.85;-1;-1;-1;-1;-1;-1;0;0;-3.13
028_042_00030;60;0;-3.38;-1;-1;-1;-1;-1;-1;-1;-1;-1;-1;-1;-1;20;0;-3.32;-1;-1;-1;-1;-1;-1;12;0;-1.29;10.5;0;-1.12;8;0;-1.14;6.5;0;-1.1;-1;-1;-1;-1;-1;-1;6;0;-3;-1;-1;-1;-1;-1;-1;0;0;-3
028_042_00031;60;0;-3.38;-1;-1;-1;-1;-1;-1;-1;-1;-1;-1;-1;-1;19;0;-3.19;-1;-1;-1;-1;-1;-1;11;0;-1.24;10;0;-1.1;7.5;0;-1.12;6.5;0;-1.1;-1;-1;-1;-1;-1;-1;6;0;-3;-1;-1;-1;-1;-1;-1;0;0;-3
028_042_00032;61;0;-3.77;56;0;-3.73;53.7;0;-5.5;52.7;0;-5.5;49.5;0;-3.6;29;0;-2.73;-1;-1;-1;-1;-1;-1;19;0;-0.53;18;0;-0.51;15.5;0;-0.58;11;0;-0.63;-1;-1;-1;-1;-1;-1;6.1;0;-3.2;-1;-1;-1;-1;-1;-1;0;0;-3.2
028_042_00033;60;0;-3.42;47;0;-3.44;45.73;0;-5.5;44.73;0;-5.5;41;0;-3.66;24.5;0;-3.34;-1;-1;-1;-1;-1;-1;15.5;0;-0.75;14.5;0;-0.71;12;0;-0.71;10;0;-0.86;-1;-1;-1;-1;-1;-1;4.31;0;-3.4;-1;-1;-1;-1;-1;-1;0;0;-3.4
028_042_00034;53.57;0;-6;48.868;0;-6;48.868;0;-6;48.868;0;-6;44;0;-3.73;32.5;0;-3.51;-1;-1;-1;-1;-1;-1;22;0;-0.51;19.5;0;-0.45;17;0;-0.49;14;0;-0.55;-1;-1;-1;-1;-1;-1;5.123;0;-3.4;-1;-1;-1;-1;-1;-1;0;0;-3.4
028_042_00035;51.5;0;-3.52;42.912;0;-3.63;40.873;0;-5;39.873;0;-5;38;0;-3.75;30;0;-3.23;-1;-1;-1;-1;-1;-1;18;0;-0.8;17.5;0;-0.78;15;0;-0.63;13;0;-0.84;-1;-1;-1;-1;-1;-1;7.419;0;-3.23;-1;-1;-1;-1;-1;-1;0;0;-3.23
028_042_00036;63.5;0;-3.65;50.255;0;-3.874;48.085;0;-5;47.086;0;-5;45.5;0;-4;21;0;-2.34;-1;-1;-1;-1;-1;-1;15;0;-1.12;14.5;0;-1.09;12;0;-1.03;6.5;0;-1.05;-1;-1;-1;-1;-1;-1;3.411;0;-2.73;-1;-1;-1;-1;-1;-1;0;0;-2.73
028_042_00037;58;0;-3.41;44.421;0;-3.67;42.409;0;-5.05;41.409;0;-5.05;39;0;-3.69;27.5;0;-2.68;-1;-1;-1;-1;-1;-1;17.5;0;-0.73;16;0;-0.61;13.5;0;-0.56;12.5;0;-0.38;-1;-1;-1;-1;-1;-1;2.041;0;-2.73;-1;-1;-1;-1;-1;-1;0;0;-2.73
033_042_00012;43.532;0;-2.32;34.962;0;-2.32;34.962;0;-2.32;34.962;0;-2.32;33.032;0;-1.19;32.532;0;-1.01;-1;-1;-1;-1;-1;-1;31.532;0;-0.06;29.032;0;-0.13;26.532;0;-0.03;16.032;0;-0.101;-1;-1;-1;-1;-1;-1;15.214;0;-3.05;-1;-1;-1;-1;-1;-1;0;0;-3.05
033_042_00013;47.81;0;-2.79;37.421;0;-2.79;37.421;0;-2.79;37.421;0;-2.79;34.31;0;-1.75;32.81;0;-1.61;-1;-1;-1;-1;-1;-1;30.81;0;-0.06;27.81;0;-0.12;25.31;0;-0.02;15.31;0;-0.1;-1;-1;-1;-1;-1;-1;10.515;0;-2.699;-1;-1;-1;-1;-1;-1;0;0;-2.699
033_042_00017;44.31;0;-2.79;35.78;0;-2.79;35.78;0;-2.79;35.78;0;-2.79;31.31;0;-1.3;23.31;0;-1.23;-1;-1;-1;-1;-1;-1;19.81;0;-0.14;19.31;0;-0.07;16.81;0;-0.31;17.81;0;-0.1;-1;-1;-1;-1;-1;-1;10.52;0;-2.7;-1;-1;-1;-1;-1;-1;0;0;-2.7
033_042_00018;55.81;0;-2.34;48.8;0;-2.34;48.8;0;-2.34;48.8;0;-2.34;46.81;0;-1.35;19.31;0;-1.07;-1;-1;-1;-1;-1;-1;16.81;0;0.22;16.31;0;0.31;13.81;0;-1.117;15.31;0;0.46;-1;-1;-1;-1;-1;-1;10.515;0;-2.699;-1;-1;-1;-1;-1;-1;0;0;-2.699
033_042_00019;76.19;0;-2.49;71.31;0;-2.49;71.31;0;-2.49;71.31;0;-2.49;69.39;0;-1.53;20.97;0;-0.99;-1;-1;-1;-1;-1;-1;17.67;0;0.03;17.67;0;0.03;15.17;0;-0.451;16.19;0;-0.03;-1;-1;-1;-1;-1;-1;10.515;0;-2.699;-1;-1;-1;-1;-1;-1;0;0;-2.699
033_042_00020;35;0;-2.49;21.67;0;-2.49;21.67;0;-2.49;21.67;0;-2.49;19.19;0;-1.25;14.97;0;-1.11;-1;-1;-1;-1;-1;-1;11.69;0;0.12;11.69;0;0.12;9.19;0;-0.372;10;0;0.03;-1;-1;-1;-1;-1;-1;6.66;0;-1.34;-1;-1;-1;-1;-1;-1;0;0;-1.34
033_042_00021;30;0;-2.24;22.61;0;-2.24;22.61;0;-2.24;22.61;0;-2.24;21.86;0;-1.49;16.11;0;-1.28;-1;-1;-1;-1;-1;-1;11.79;0;-0.1;11.79;0;-0.1;9.29;0;-0.498;10;0;-0.15;-1;-1;-1;-1;-1;-1;4.74;0;-2.34;-1;-1;-1;-1;-1;-1;0;0;-2.34
033_042_00022;47.382;0;-1.532;-1;-1;-1;-1;-1;-1;-1;-1;-1;-1;-1;-1;16.11;0;-1.28;-1;-1;-1;-1;-1;-1;11.79;0;-0.1;11.79;0;-0.1;9.29;0;-0.498;10;0;-0.15;-1;-1;-1;-1;-1;-1;4.74;0;-2.34;-1;-1;-1;-1;-1;-1;0;0;-2.34
033_042_00023;30;0;-1.44;-1;-1;-1;-1;-1;-1;-1;-1;-1;-1;-1;-1;19.485;0;-1.44;-1;-1;-1;-1;-1;-1;17;0;-0.29;16.5;0;-0.29;14;0;-0.8;15;0;-0.14;-1;-1;-1;-1;-1;-1;10.15;0;-2.34;-1;-1;-1;-1;-1;-1;0;0;-2.34
033_042_00024;35;0;-2.49;23.413;0;-2.49;23.413;0;-2.49;23.413;0;-2.49;19;0;-1.02;18.5;0;-0.91;-1;-1;-1;-1;-1;-1;16.5;0;-0.13;16;0;-0.07;13.5;0;0;10;0;-0.07;-1;-1;-1;-1;-1;-1;4.002;0;-2.34;-1;-1;-1;-1;-1;-1;0;0;-2.34
033_042_00029;25;0;-1.462;-1;-1;-1;-1;-1;-1;-1;-1;-1;-1;-1;-1;14.5;0;-1.17;-1;-1;-1;-1;-1;-1;11.5;0;-0.24;11;0;-0.19;8.5;0;-0.627;9.5;0;-0.31;-1;-1;-1;-1;-1;-1;3.699;0;-2.23;-1;-1;-1;-1;-1;-1;0;0;-2.23
033_042_00030;31;0;-1.12;27.5;0;-0.99;26.5;0;-1.2;22.5;0;-1.23;21;0;-0.9;21;0;-0.9;-1;-1;-1;-1;-1;-1;18;0;-0.07;17.5;0;-0.06;15;0;-0.656;17;0;-0.06;-1;-1;-1;-1;-1;-1;10.271;0;-2.23;-1;-1;-1;-1;-1;-1;0;0;-2.23
033_042_00031;31;0;-1.12;-1;-1;-1;-1;-1;-1;-1;-1;-1;-1;-1;-1;22.5;0;-1.23;-1;-1;-1;-1;-1;-1;18;0;-0.07;17.5;0;-0.06;15;0;-0.656;17;0;-0.06;-1;-1;-1;-1;-1;-1;10.271;0;-2.23;-1;-1;-1;-1;-1;-1;0;0;-2.23
033_042_00032;53.089;0;-2.09;39.539;0;-2.09;39.539;0;-2.09;39.539;0;-2.09;37.589;0;-1.35;30.089;0;-1.09;-1;-1;-1;-1;-1;-1;25.589;0;-0.1;25.089;0;-0.05;22.589;0;-0.4;24.089;0;-0.04;-1;-1;-1;-1;-1;-1;16.531;0;-2.901;-1;-1;-1;-1;-1;-1;0;0;-3.388
034_042_00007;23.76;0;-3.08;-1;-1;-1;-1;-1;-1;-1;-1;-1;-1;-1;-1;20;0;-1.74;12.5;0;-1.21;10;0;-1.25;6.5;0;-0.18;6;0;-0.09;3.5;0;-1.644;5;0;-0.26;-1;-1;-1;-1;-1;-1;4.5;0;-1.6;-1;-1;-1;-1;-1;-1;0;0;-1.8
034_042_00024;32;0;-3.075;-1;-1;-1;-1;-1;-1;-1;-1;-1;-1;-1;-1;24.828;0;-3.075;22.5;0;-1.59;22;0;-1.59;13.5;0;-0.28;13;0;-0.29;10.5;0;-1.118;13;0;-0.29;-1;-1;-1;-1;-1;-1;8.4;0;-1.9;-1;-1;-1;-1;-1;-1;0;0;-2.3
034_042_00025;32;0;-3.075;26.18;0;-3.075;26.18;0;-3.075;24.828;0;-3.075;22.959;0;-1.746;22;0;-1.59;-1;-1;-1;-1;-1;-1;13.5;0;-0.28;13;0;-0.29;10.5;0;-1.118;13;0;-0.29;-1;-1;-1;-1;-1;-1;8.4;0;-1.9;-1;-1;-1;-1;-1;-1;0;0;-2.3
034_042_00026;23.764;0;-1.65;-1;-1;-1;-1;-1;-1;-1;-1;-1;-1;-1;-1;21.034;0;-1.65;15;0;-0.67;10;0;-0.65;8;0;-0.21;7.5;0;-0.22;5;0;-0.556;5.5;0;-0.22;-1;-1;-1;-1;-1;-1;2.4;0;-2.3;-1;-1;-1;-1;-1;-1;0;0;-2.3
034_042_00027;30;0;-1.7;-1;-1;-1;-1;-1;-1;-1;-1;-1;-1;-1;-1;20;0;-1.5;12;0;-0.82;11.5;0;-0.8;10.5;0;-0.22;10;0;-0.19;7.5;0;-0.12;6.5;0;-0.13;-1;-1;-1;-1;-1;-1;6;0;-1.6;-1;-1;-1;-1;-1;-1;0;0;-2.3
034_042_00028;23.764;0;-1.65;-1;-1;-1;-1;-1;-1;-1;-1;-1;-1;-1;-1;21.034;0;-1.65;15;0;-0.67;10;0;-0.65;8;0;-0.21;7.5;0;-0.22;5;0;-0.556;5.5;0;-0.22;-1;-1;-1;-1;-1;-1;2.4;0;-2.3;-1;-1;-1;-1;-1;-1;0;0;-2.3
034_042_00029;22.5;0;-1.35;-1;-1;-1;-1;-1;-1;-1;-1;-1;-1;-1;-1;9;0;-1.48;-1;-1;-1;-1;-1;-1;5;0;-0.31;4.5;0;-0.27;2;0;-1.64;4;0;-0.29;-1;-1;-1;-1;-1;-1;2.5;0;-1.6;-1;-1;-1;-1;-1;-1;0;0;-1.8
034_042_00030;25;0;-2.14;21.42;0;-2.27;20.21;0;-3.08;19.21;0;-3.08;18;0;-2.27;17;0;-1.96;9.5;0;-1.46;8.5;0;-1.39;6;0;-0.82;5.5;0;-0.82;3;0;-1.732;5.5;0;-0.82;-1;-1;-1;-1;-1;-1;2.2;0;-2;-1;-1;-1;-1;-1;-1;0;0;-2
034_042_00031;25;0;-2.2;-1;-1;-1;-1;-1;-1;-1;-1;-1;-1;-1;-1;16;0;-2.18;-1;-1;-1;-1;-1;-1;9;0;-0.63;8.5;0;-0.6;6;0;-1.32;8;0;-0.66;-1;-1;-1;-1;-1;-1;4;0;-2;-1;-1;-1;-1;-1;-1;0;0;-2
034_042_00032;25;0;-1.627;-1;-1;-1;-1;-1;-1;-1;-1;-1;-1;-1;-1;17.5;0;-1.627;15.5;0;-1.377;13.5;0;-1.287;10.5;0;-0.15;10;0;-0.14;7.5;0;-2.267;9;0;-0.17;-1;-1;-1;-1;-1;-1;8.5;0;-2.267;-1;-1;-1;-1;-1;-1;0;0;-2.267
034_042_00033;25;0;-1.79;-1;-1;-1;-1;-1;-1;-1;-1;-1;-1;-1;-1;17.76;0;-1.79;13.043;0;-0.9;12.5;0;-0.84;10.5;0;-0.15;10;0;-0.14;7.5;0;-0.77;9;0;-0.14;-1;-1;-1;-1;-1;-1;6;0;-1.4;-1;-1;-1;-1;-1;-1;0;0;-2
034_042_00034;25;0;-2.01;-1;-1;-1;-1;-1;-1;-1;-1;-1;-1;-1;-1;16.5;0;-2.01;16;0;-1.87;14;0;-1.74;9.5;0;-0.02;9;0;-0.02;6.5;0;-0.743;8.5;0;-0.01;-1;-1;-1;-1;-1;-1;4.9;0;-1.36;-1;-1;-1;-1;-1;-1;0;0;-2.3
034_042_00035;28;0;-2.01;-1;-1;-1;-1;-1;-1;-1;-1;-1;-1;-1;-1;22;0;-2.01;21;0;-1.8;19;0;-1.71;14.5;0;-0.24;14;0;-0.16;11.5;0;-0.35;12;0;-0.11;-1;-1;-1;-1;-1;-1;5;0;-2.71;-1;-1;-1;-1;-1;-1;0;0;-3.23
034_042_00036;28;0;-2.01;-1;-1;-1;-1;-1;-1;-1;-1;-1;-1;-1;-1;21.917;0;-1.998;20.5;0;-1.73;19;0;-1.71;14.5;0;-0.24;14;0;-0.16;11.5;0;-0.35;12;0;-0.11;-1;-1;-1;-1;-1;-1;5;0;-2.71;-1;-1;-1;-1;-1;-1;0;0;-3.23
034_042_00037;26;0;-3.09;-1;-1;-1;-1;-1;-1;-1;-1;-1;-1;-1;-1;23;0;-2.51;19;0;-1.72;18;0;-1.72;13;0;-0.11;12.5;0;-0.17;10;0;-0.25;11.5;0;-0.08;-1;-1;-1;-1;-1;-1;2;0;-2.44;-1;-1;-1;-1;-1;-1;0;0;-2.6
034_042_00038;28.8;0;-2.23;-1;-1;-1;-1;-1;-1;-1;-1;-1;-1;-1;-1;23.5;0;-2.22;21;0;-1.88;20.5;0;-1.88;17;0;-0.35;16;0;-0.33;13.5;0;-0.53;13;0;-0.5;-1;-1;-1;-1;-1;-1;12.5;0;-1.6;-1;-1;-1;-1;-1;-1;0;0;-1.8
034_042_00039;28.8;0;-2.23;-1;-1;-1;-1;-1;-1;-1;-1;-1;-1;-1;-1;23.5;0;-2.22;21;0;-1.88;20.5;0;-1.88;17;0;-0.35;16;0;-0.33;13.5;0;-0.53;13;0;-0.5;-1;-1;-1;-1;-1;-1;12.5;0;-1.6;-1;-1;-1;-1;-1;-1;0;0;-1.8
034_042_00040;30;0;-3.08;-1;-1;-1;-1;-1;-1;-1;-1;-1;-1;-1;-1;26.7;0;-3.08;22;0;-1.43;17;0;-1.56;13.5;0;-0.2;13;0;-0.15;10.5;0;-0.37;12;0;-0.14;-1;-1;-1;-1;-1;-1;6;0;-1.88;-1;-1;-1;-1;-1;-1;0;0;-2.3
039_042_00004;39.5;0;-1.38;26.5;0;-2.01;25.5;0;-3.47;25;0;-3.47;24;0;-1.97;23.5;0;-1.34;-1;-1;-1;-1;-1;-1;21;0;-0.11;17.5;0;-0.04;15;0;0.04;11;0;0.02;-1;-1;-1;-1;-1;-1;10.5;0;-4.5;-1;-1;-1;-1;-1;-1;0;0;-4.5
039_042_00009;37;0;-1.86;15.5;0;-2.24;14.8;0;-2.87;14.3;0;-2.87;13.355;0;-2.302;12;0;-1.91;-1;-1;-1;-1;-1;-1;7.5;0;-0.16;7;0;-0.11;4.5;0;-2;6;0;-0.16;-1;-1;-1;-1;-1;-1;5;0;-2;-1;-1;-1;-1;-1;-1;0;0;-2
039_042_00010;55;0;-1.79;30.5;0;-2.21;29.5;0;-3.02;29;0;-3.02;28;0;-2.27;27.869;0;-2.173;26.5;0;-1.73;22.5;0;-1.59;19.5;0;-0.76;18;0;-0.57;15.5;0;-0.35;12;0;-0.18;-1;-1;-1;-1;-1;-1;11.5;0;-5;-1;-1;-1;-1;-1;-1;0;0;-5
039_042_00011;38.5;0;-1.58;26;0;-2.08;25.336;0;-2.701;24.8;0;-2.77;24;0;-1.98;24;0;-1.98;-1;-1;-1;-1;-1;-1;21;0;-0.61;20;0;-0.38;17.5;0;-0.27;14;0;-0.21;-1;-1;-1;-1;-1;-1;13.5;0;-4.3;-1;-1;-1;-1;-1;-1;0;0;-4.3
039_042_00012;42.5;0;-1.57;30.5;0;-2.19;30;0;-2.77;29;0;-2.77;28.566;0;-2.21;27.5;0;-1.41;-1;-1;-1;-1;-1;-1;22.5;0;-0.15;19.5;0;-0.04;17;0;-0.08;4;0;-0.18;-1;-1;-1;-1;-1;-1;3.5;0;-4.3;-1;-1;-1;-1;-1;-1;0;0;-4.3
039_042_00013;42.5;0;-1.57;31;0;-2.08;30;0;-2.77;29;0;-2.77;28;0;-1.48;27.5;0;-1.41;-1;-1;-1;-1;-1;-1;23;0;-0.24;21.5;0;-0.09;19;0;-0.07;4.5;0;0.04;-1;-1;-1;-1;-1;-1;3.5;0;-4.3;-1;-1;-1;-1;-1;-1;0;0;-4.3
039_042_00014;39.5;0;-1.38;26.5;0;-2.01;25.5;0;-3.47;25;0;-3.47;24;0;-1.97;23.5;0;-1.34;-1;-1;-1;-1;-1;-1;21;0;-0.11;19;0;-0.04;16.5;0;0.01;11;0;0.02;-1;-1;-1;-1;-1;-1;10.5;0;-4.5;-1;-1;-1;-1;-1;-1;0;0;-4.5
039_042_00015;47.5;0;-0.456;42;0;-0.589;40.138;0;-3.02;39.514;0;-3.02;37.584;0;-0.62;37.584;0;-0.62;-1;-1;-1;-1;-1;-1;36.5;0;0.17;33;0;0.189;30.5;0;0.108;11.5;0;0.034;-1;-1;-1;-1;-1;-1;11;0;-4.5;-1;-1;-1;-1;-1;-1;0;0;-4.5
039_042_00016;40;0;-3.02;-1;-1;-1;-1;-1;-1;-1;-1;-1;-1;-1;-1;28;0;-3.02;-1;-1;-1;-1;-1;-1;24;0;-0.02;23.5;0;-0.03;21;0;-0.03;21;0;-0.03;-1;-1;-1;-1;-1;-1;18.5;0;-1.2;-1;-1;-1;-1;-1;-1;0;0;-2
039_042_00017;43.5;0;-1.17;12.5;0;-2.36;12;0;-2.87;11.8;0;-2.87;11;0;-2.15;10.5;0;-1.85;-1;-1;-1;-1;-1;-1;7.5;0;-0.18;7;0;-0.13;4.5;0;-0.35;5;0;-0.18;-1;-1;-1;-1;-1;-1;2;0;-1.2;-1;-1;-1;-1;-1;-1;0;0;-1.2
039_042_00018;55;0;-1.79;30.5;0;-2.21;29.5;0;-3.02;29;0;-3.02;28;0;-2.27;27.5;0;-1.9;26;0;-1.65;22.5;0;-1.59;19.5;0;-0.76;17.5;0;-0.5;15;0;-0.3;12;0;-0.18;-1;-1;-1;-1;-1;-1;11.5;0;-5;-1;-1;-1;-1;-1;-1;0;0;-5
039_042_00019;37;0;-1.86;15.504;0;-2.239;14.8;0;-2.87;14.3;0;-2.87;13.355;0;-2.302;12;0;-1.91;-1;-1;-1;-1;-1;-1;7.5;0;-0.16;7;0;-0.11;4.5;0;-2;6;0;-0.16;-1;-1;-1;-1;-1;-1;5;0;-2;-1;-1;-1;-1;-1;-1;0;0;-2
048_042_00004;59.7;0;-1.265;54.7;0;-1.248;53.592;0;-1.78;48.232;0;-1.78;47.2;0;-1.109;20.2;0;-0.743;-1;-1;-1;-1;-1;-1;17.2;0;0.034;16.7;0;0.072;14.2;0;-0.32;16.2;0;0.04;-1;-1;-1;-1;-1;-1;5.2;0;-3.25;-1;-1;-1;-1;-1;-1;0;0;-3.25
048_042_00013;50.2;0;-1.577;42.2;0;-1.973;40.826;0;-2.66;35.309;0;-2.66;34.2;0;-1.797;33.7;0;-1.797;-1;-1;-1;-1;-1;-1;26.2;0;-0.195;25.2;0;-0.157;22.7;0;-0.194;20.2;0;-0.211;-1;-1;-1;-1;-1;-1;5.2;0;-4.8;-1;-1;-1;-1;-1;-1;0;0;-4.8
048_042_00019;54.7;0;-1.59;37.7;0;-2.085;36.63;0;-2.62;36.07;0;-2.62;35.2;0;-2.185;32.2;0;-1.663;-1;-1;-1;-1;-1;-1;26.2;0;-0.153;25.7;0;-0.083;23.2;0;-0.474;24.2;0;-0.159;-1;-1;-1;-1;-1;-1;5;0;-3;-1;-1;-1;-1;-1;-1;0;0;-3
048_042_00020;25;0;-2.87;-1;-1;-1;-1;-1;-1;-1;-1;-1;-1;-1;-1;14.7;0;-1.645;-1;-1;-1;-1;-1;-1;9.7;0;-0.323;9.2;0;-0.25;6.7;0;-0.332;7.2;0;-0.249;-1;-1;-1;-1;-1;-1;5.2;0;-1.24;-1;-1;-1;-1;-1;-1;0;0;-1.24
048_042_00021;35.2;0;-1.398;-1;-1;-1;-1;-1;-1;-1;-1;-1;-1;-1;-1;21.2;0;-1.158;-1;-1;-1;-1;-1;-1;14.7;0;-0.048;14.2;0;0.013;11.7;0;-0.476;12.7;0;-0.071;-1;-1;-1;-1;-1;-1;5.2;0;-3.4;-1;-1;-1;-1;-1;-1;0;0;-3.4
048_042_00022;29.7;0;-1.583;18.22;0;-2.35;17.78;0;-2.87;16.843;0;-2.87;16.448;0;-2.35;15.7;0;-1.363;-1;-1;-1;-1;-1;-1;11.7;0;-0.062;11.2;0;-0.098;8.7;0;-0.093;5.7;0;-0.064;-1;-1;-1;-1;-1;-1;5.2;0;-1.8;-1;-1;-1;-1;-1;-1;0;0;-1.8
048_042_00023;71.578;0;-0.925;49.078;0;-1.366;48.63;0;-1.76;47.604;0;-1.76;47.078;0;-1.224;42.578;0;-1.049;-1;-1;-1;-1;-1;-1;17.078;0;-0.015;16.578;0;-0.015;14.078;0;-0.231;15.578;0;0.046;-1;-1;-1;-1;-1;-1;7.878;0;-3;-1;-1;-1;-1;-1;-1;0;0;-3.2
048_042_00024;22.133;0;-2.81;-1;-1;-1;-1;-1;-1;-1;-1;-1;-1;-1;-1;13.602;0;-1.696;11.102;0;-1.129;10.602;0;-1.11;8.602;0;-0.229;8.102;0;-0.204;5.602;0;-0.54;6.602;0;-0.232;-1;-1;-1;-1;-1;-1;1.896;0;-2.3;-1;-1;-1;-1;-1;-1;0;0;-2.3
048_042_00025;26.2;0;-1.522;20.2;0;-1.988;19.356;0;-2.41;16.144;0;-2.41;15.2;0;-1.938;14.7;0;-1.818;-1;-1;-1;-1;-1;-1;8.7;0;0.035;8.2;0;0.056;5.7;0;-0.306;7.7;0;0.116;6.7;0;-0.276;5.7;0;-0.306;1.895;0;-2.3;-1;-1;-1;-1;-1;-1;0;0;-2.3
048_042_00026;42.849;0;-1.461;34.349;0;-1.676;33.078;0;-2.51;32.409;0;-2.51;30.349;0;-1.587;29.849;0;-1.584;-1;-1;-1;-1;-1;-1;23.849;0;-0.35;23.349;0;-0.315;20.849;0;-0.241;17.849;0;-0.388;-1;-1;-1;-1;-1;-1;4.349;0;-4.75;-1;-1;-1;-1;-1;-1;0;0;-4.75
048_042_00027;64.765;0;-1.423;61.121;0;-2.3;60.155;0;-2.87;30.108;0;-2.87;29.488;0;-2.301;28.765;0;-1.637;-1;-1;-1;-1;-1;-1;23.265;0;-0.279;22.265;0;-0.202;19.765;0;-0.192;15.765;0;-0.052;-1;-1;-1;-1;-1;-1;3.765;0;-4.2;-1;-1;-1;-1;-1;-1;0;0;-4.2
048_042_00028;34.48;0;-2.87;-1;-1;-1;-1;-1;-1;-1;-1;-1;-1;-1;-1;25.04;0;-2.87;24.11;0;-1.395;23.61;0;-1.395;20.61;0;-0.131;19.61;0;-0.063;17.11;0;-0.631;18.61;0;-0.067;-1;-1;-1;-1;-1;-1;6.785;0;-4.2;-1;-1;-1;-1;-1;-1;0;0;-4.2
048_042_00029;42.756;0;-2.62;-1;-1;-1;-1;-1;-1;-1;-1;-1;-1;-1;-1;17.9;0;-1.615;-1;-1;-1;-1;-1;-1;12.9;0;-0.13;12.4;0;-0.041;9.9;0;-0.361;10.9;0;-0.141;-1;-1;-1;-1;-1;-1;5.582;0;-1.8;-1;-1;-1;-1;-1;-1;0;0;-1.8
048_042_00030;43.642;0;-3.32;-1;-1;-1;-1;-1;-1;-1;-1;-1;-1;-1;-1;23.7;0;-1.63;-1;-1;-1;-1;-1;-1;18.7;0;-0.094;18.2;0;-0.011;15.7;0;-0.401;17.2;0;-0.011;-1;-1;-1;-1;-1;-1;5.2;0;-3;-1;-1;-1;-1;-1;-1;0;0;-3
049_042_00001;44.691;0;-3.121;42.866;0;-3.056;41.153;0;-4.77;37.455;0;-4.77;35.691;0;-3.006;34.191;0;-3.015;-1;-1;-1;-1;-1;-1;10.691;0;-0.539;10.191;0;-0.568;7.691;0;-0.272;7.191;0;-0.272;-1;-1;-1;-1;-1;-1;3.676;0;-1.84;-1;-1;-1;-1;-1;-1;0;0;-1.84
049_042_00011;31.196;0;-1.194;-1;-1;-1;-1;-1;-1;-1;-1;-1;-1;-1;-1;24.549;0;-1.194;-1;-1;-1;-1;-1;-1;20.644;0;-0.169;20.144;0;-0.169;17.644;0;-0.225;17.644;0;-0.225;-1;-1;-1;-1;-1;-1;11.371;0;-2.3;-1;-1;-1;-1;-1;-1;0;0;-2.34
049_042_00012;31.611;0;-1.89;-1;-1;-1;-1;-1;-1;-1;-1;-1;-1;-1;-1;19.611;0;-1.88;-1;-1;-1;-1;-1;-1;15.611;0;-0.25;15.111;0;-0.29;12.611;0;-0.467;13.111;0;-0.32;-1;-1;-1;-1;-1;-1;7.91;0;-2.3;-1;-1;-1;-1;-1;-1;0;0;-2.3
049_042_00013;35;0;-1.29;-1;-1;-1;-1;-1;-1;-1;-1;-1;-1;-1;-1;23.5;0;-1.23;22.5;0;-0.81;21;0;-0.95;20;0;-0.17;19;0;-0.12;16.5;0;-0.2;16.5;0;-0.2;-1;-1;-1;-1;-1;-1;12.4;0;-1.84;-1;-1;-1;-1;-1;-1;0;0;-1.84
049_042_00019;48.35;0;-1.361;-1;-1;-1;-1;-1;-1;-1;-1;-1;-1;-1;-1;39.061;0;-1.361;-1;-1;-1;-1;-1;-1;35;0;-0.3;34.5;0;-0.27;32;0;-0.18;32;0;-0.18;-1;-1;-1;-1;-1;-1;24.68;0;-1.94;-1;-1;-1;-1;-1;-1;0;0;-1.94
049_042_00020;45.35;0;-1.562;-1;-1;-1;-1;-1;-1;-1;-1;-1;-1;-1;-1;33.792;0;-1.562;-1;-1;-1;-1;-1;-1;29.5;0;-0.09;29;0;-0.05;26.5;0;-0.22;27;0;0.04;-1;-1;-1;-1;-1;-1;22.07;0;-1.84;-1;-1;-1;-1;-1;-1;0;0;-1.84
049_042_00027;29.986;0;-1.943;-1;-1;-1;-1;-1;-1;-1;-1;-1;-1;-1;-1;24.786;0;-1.943;17.786;0;-0.719;17.286;0;-0.719;15.786;0;-0.058;15.286;0;-0.03;12.786;0;-0.614;14.786;0;-0.034;-1;-1;-1;-1;-1;-1;7.875;0;-2.58;-1;-1;-1;-1;-1;-1;0;0;-2.58
049_042_00028;46.205;0;-1.74;-1;-1;-1;-1;-1;-1;-1;-1;-1;-1;-1;-1;38.985;0;-2;-1;-1;-1;-1;-1;-1;32.83;0;-0.068;32.33;0;-0.018;29.83;0;-0.409;30.83;0;0.032;-1;-1;-1;-1;-1;-1;10;0;-4.2;-1;-1;-1;-1;-1;-1;0;0;-4.2
049_042_00029;55.5;0;-2.869;-1;-1;-1;-1;-1;-1;-1;-1;-1;-1;-1;-1;54.5;0;-2.863;-1;-1;-1;-1;-1;-1;36;0;-0.128;35.5;0;-0.049;33;0;-0.107;30;0;-0.276;-1;-1;-1;-1;-1;-1;14.372;0;-3.4;-1;-1;-1;-1;-1;-1;0;0;-3.4
049_042_00030;47.187;0;-1.553;46.893;0;-1.7;45.153;0;-2.57;41.899;0;-2.57;40.159;0;-1.7;38.865;0;-1.537;-1;-1;-1;-1;-1;-1;30.865;0;-0.079;30.365;0;-0.047;27.865;0;-0.562;29.365;0;-0.118;-1;-1;-1;-1;-1;-1;14.802;0;-5.4;-1;-1;-1;-1;-1;-1;0;0;-5.7
049_042_00031;34.938;0;-1.706;32.938;0;-2.32;32.938;0;-2.32;30.938;0;-2.32;28.938;0;-1.706;28.438;0;-1.639;27.938;0;-1.351;26.938;0;-1.402;21.438;0;-0.323;20.438;0;-0.261;17.938;0;-0.531;18.438;0;-0.368;-1;-1;-1;-1;-1;-1;10;0;-3;-1;-1;-1;-1;-1;-1;0;0;-3
049_042_00032;66.48;0;-1.76;62.98;0;-2.27;61.98;0;-2.62;61.48;0;-2.58;60.232;0;-2.256;40.98;0;-1.15;-1;-1;-1;-1;-1;-1;33.48;0;-0.05;32.98;0;-0.01;30.48;0;-0.06;29.98;0;-0.13;-1;-1;-1;-1;-1;-1;24.73;0;-2.34;-1;-1;-1;-1;-1;-1;0;0;-2.34
049_042_00033;31.04;0;-1.768;-1;-1;-1;-1;-1;-1;-1;-1;-1;-1;-1;-1;22.312;0;-1.192;-1;-1;-1;-1;-1;-1;19.312;0;-0.298;18.812;0;-0.306;16.312;0;-0.188;14.312;0;-0.189;-1;-1;-1;-1;-1;-1;7.669;0;-2.97;-1;-1;-1;-1;-1;-1;0;0;-2.97
049_042_00034;35.74;0;-4.15;-1;-1;-1;-1;-1;-1;-1;-1;-1;-1;-1;-1;28.09;0;-2.472;-1;-1;-1;-1;-1;-1;17.09;0;-0.102;16.59;0;-0.049;14.09;0;-0.704;15.59;0;-0.139;-1;-1;-1;-1;-1;-1;10.1;0;-2.3;-1;-1;-1;-1;-1;-1;0;0;-2.34
049_042_00035;51.131;0;-3.75;-1;-1;-1;-1;-1;-1;-1;-1;-1;-1;-1;-1;30.9;0;-2.276;-1;-1;-1;-1;-1;-1;17.4;0;-0.217;16.9;0;-0.174;14.4;0;-0.639;15.9;0;-0.245;12.9;0;-1.5;11.4;0;-1.55;10;0;-2.3;-1;-1;-1;-1;-1;-1;0;0;-2.3
049_042_00036;44.3;0;-3.095;-1;-1;-1;-1;-1;-1;-1;-1;-1;-1;-1;-1;30.8;0;-3.016;-1;-1;-1;-1;-1;-1;18.8;0;-0.192;18.3;0;-0.121;15.8;0;-0.221;15.8;0;-0.221;-1;-1;-1;-1;-1;-1;10;0;-2.34;-1;-1;-1;-1;-1;-1;0;0;-2.34
049_042_00037;32.168;0;-3.103;-1;-1;-1;-1;-1;-1;-1;-1;-1;-1;-1;-1;22.668;0;-2.927;-1;-1;-1;-1;-1;-1;11.668;0;-0.212;10.668;0;-0.144;8.168;0;-0.173;7.168;0;-0.204;-1;-1;-1;-1;-1;-1;4.746;0;-2.08;-1;-1;-1;-1;-1;-1;0;0;-2.08
049_042_00038;37.795;0;-1.194;-1;-1;-1;-1;-1;-1;-1;-1;-1;-1;-1;-1;24.626;0;-1.194;-1;-1;-1;-1;-1;-1;19.563;0;-0.21;18.063;0;-0.151;15.563;0;-0.315;16.563;0;-0.034;-1;-1;-1;-1;-1;-1;10;0;-2.34;-1;-1;-1;-1;-1;-1;0;0;-2.34
049_042_00039;40.75;0;-1.678;-1;-1;-1;-1;-1;-1;-1;-1;-1;-1;-1;-1;19.75;0;-1.516;-1;-1;-1;-1;-1;-1;18.25;0;-0.339;17.75;0;-0.275;15.25;0;-0.258;14.25;0;-0.259;14.033;0;-1.45;11.75;0;-1.55;10;0;-2.3;-1;-1;-1;-1;-1;-1;0;0;-2.3
049_042_00040;29;0;-2.57;-1;-1;-1;-1;-1;-1;-1;-1;-1;-1;-1;-1;24.54;0;-2.57;-1;-1;-1;-1;-1;-1;18.5;0;-0.28;17;0;-0.19;14.5;0;-1.427;14.896;0;-0.172;-1;-1;-1;-1;-1;-1;14.799;0;-1.427;-1;-1;-1;-1;-1;-1;0;0;-1.427
049_042_00041;26.649;0;-1.616;26.295;0;-1.97;26.295;0;-1.97;24.295;0;-1.97;23.995;0;-1.678;18.495;0;-1.66;-1;-1;-1;-1;-1;-1;10.995;0;-0.106;10.995;0;-0.106;8.495;0;-0.142;8.147;0;-0.3;7.995;0;-1.14;6.995;0;-1.14;4.095;0;-2.3;-1;-1;-1;-1;-1;-1;0;0;-2.3
049_042_00042;24.824;0;-1.568;-1;-1;-1;-1;-1;-1;-1;-1;-1;-1;-1;-1;16.75;0;-0.577;-1;-1;-1;-1;-1;-1;13.75;0;0.038;13.25;0;0.071;10.75;0;-0.551;11.75;0;0.05;-1;-1;-1;-1;-1;-1;5;0;-2.3;-1;-1;-1;-1;-1;-1;0;0;-2.3
049_042_00043;28;0;-0.126;17.5;0;-0.546;16.276;0;-1.77;14.151;0;-1.77;13;0;-0.619;12.5;0;-0.395;-1;-1;-1;-1;-1;-1;11.5;0;0.162;11;0;0.103;8.5;0;0.113;7.5;0;0.119;-1;-1;-1;-1;-1;-1;5.924;0;-1.09;-1;-1;-1;-1;-1;-1;0;0;-1.09
049_042_00044;28;0;-0.22;-1;-1;-1;-1;-1;-1;-1;-1;-1;-1;-1;-1;20.5;0;-0.25;-1;-1;-1;-1;-1;-1;19.5;0;-0.22;19.5;0;-0.22;17;0;-0.624;19;0;-0.2;-1;-1;-1;-1;-1;-1;18;0;-0.6;-1;-1;-1;-1;-1;-1;0;0;-0.6
049_042_00045;32.73;0;-1.67;-1;-1;-1;-1;-1;-1;-1;-1;-1;-1;-1;-1;28.087;0;-0.709;-1;-1;-1;-1;-1;-1;18.587;0;-0.197;18.087;0;-0.197;15.587;0;-0.275;16.587;0;-0.207;-1;-1;-1;-1;-1;-1;10;0;-2.47;-1;-1;-1;-1;-1;-1;0;0;-2.47
049_042_00046;32.73;0;-1.67;-1;-1;-1;-1;-1;-1;-1;-1;-1;-1;-1;-1;28.087;0;-0.709;-1;-1;-1;-1;-1;-1;18.587;0;-0.197;18.087;0;-0.197;15.587;0;-0.275;16.587;0;-0.207;-1;-1;-1;-1;-1;-1;10;0;-2.47;-1;-1;-1;-1;-1;-1;0;0;-2.47
049_042_00047;35.74;0;-4.15;-1;-1;-1;-1;-1;-1;-1;-1;-1;-1;-1;-1;28.09;0;-2.472;-1;-1;-1;-1;-1;-1;17.09;0;-0.102;16.59;0;-0.049;14.09;0;-0.704;15.59;0;-0.139;-1;-1;-1;-1;-1;-1;10;0;-2.34;-1;-1;-1;-1;-1;-1;0;0;-2.34
055_042_00004;54.62;0;-1.65;-1;-1;-1;-1;-1;-1;-1;-1;-1;-1;-1;-1;42.62;0;-1.59;-1;-1;-1;-1;-1;-1;17.12;0;-0.38;16.62;0;-0.35;14.12;0;-0.28;14.12;0;-0.28;13.43;0;-1.21;12.22;0;-1.2;10.56;0;-1.8;-1;-1;-1;-1;-1;-1;0;0;-1.8
055_042_00009;50.49;0;-3.2;-1;-1;-1;-1;-1;-1;-1;-1;-1;-1;-1;-1;36.42;0;-2.768;-1;-1;-1;-1;-1;-1;35.49;0;-0.14;30.49;0;-0.16;27.99;0;-0.22;17.99;0;-0.44;-1;-1;-1;-1;-1;-1;2.03;0;-3.71;-1;-1;-1;-1;-1;-1;0;0;-3.71
055_042_00010;40.05;0;-3.33;-1;-1;-1;-1;-1;-1;-1;-1;-1;-1;-1;-1;25.55;0;-3.33;-1;-1;-1;-1;-1;-1;20.55;0;-0.11;15.55;0;-0.19;13.05;0;-0.23;6.55;0;-0.4;-1;-1;-1;-1;-1;-1;6.39;0;-1.5;-1;-1;-1;-1;-1;-1;0;0;-1.5
055_042_00020;53.89;0;-1.42;49.89;0;-2.13;48.89;0;-3.3;48.39;0;-3.3;47.39;0;-2.27;13.89;0;-1.49;-1;-1;-1;-1;-1;-1;10.39;0;-0.22;9.89;0;-0.12;7.39;0;-0.55;8.89;0;-0.15;-1;-1;-1;-1;-1;-1;6.32;0;-1.76;-1;-1;-1;-1;-1;-1;0;0;-2.31
055_042_00024;44.79;0;-1.85;22.29;0;-2.31;21.29;0;-3.33;18.79;0;-3.33;17.29;0;-2.24;16.29;0;-2.08;-1;-1;-1;-1;-1;-1;12.29;0;-0.37;11.29;0;-0.37;8.79;0;-1.098;10.79;0;-0.37;-1;-1;-1;-1;-1;-1;6.87;0;-1.8;-1;-1;-1;-1;-1;-1;0;0;-1.8
055_042_00025;38.51;0;-3.33;-1;-1;-1;-1;-1;-1;-1;-1;-1;-1;-1;-1;26.51;0;-2.31;-1;-1;-1;-1;-1;-1;19.51;0;-0.29;19.01;0;-0.21;16.51;0;-1.067;18.51;0;-0.18;16.31;0;-1.25;14.91;0;-1.3;13.55;0;-1.8;-1;-1;-1;-1;-1;-1;0;0;-1.8
055_042_00026;50.11;0;-1.66;-1;-1;-1;-1;-1;-1;-1;-1;-1;-1;-1;-1;27.11;0;-1.34;-1;-1;-1;-1;-1;-1;19.61;0;-0.27;19.11;0;-0.19;16.61;0;-0.19;14.61;0;-0.15;13.43;0;-1.21;12.22;0;-1.2;10.56;0;-1.8;-1;-1;-1;-1;-1;-1;0;0;-1.8
055_042_00027;54.62;0;-1.65;-1;-1;-1;-1;-1;-1;-1;-1;-1;-1;-1;-1;42.62;0;-1.59;-1;-1;-1;-1;-1;-1;18.12;0;-0.4;17.62;0;-0.43;15.12;0;-0.36;14.12;0;-0.28;13.43;0;-1.21;12.22;0;-1.2;10.56;0;-1.8;-1;-1;-1;-1;-1;-1;0;0;-1.8
055_042_00028;55;0;-1.9;-1;-1;-1;-1;-1;-1;-1;-1;-1;-1;-1;-1;19.5;0;-1.84;-1;-1;-1;-1;-1;-1;14;0;-0.16;13.5;0;-0.16;11;0;-3.202;12.5;0;0.01;-1;-1;-1;-1;-1;-1;12.14;0;-3.2;-1;-1;-1;-1;-1;-1;0;0;-3.22
055_042_00029;45;0;-1.83;-1;-1;-1;-1;-1;-1;-1;-1;-1;-1;-1;-1;21;0;-1.52;18;0;-1.4;14.5;0;-1.38;10;0;-0.41;9.5;0;-0.31;7;0;-1.258;8.5;0;-0.43;-1;-1;-1;-1;-1;-1;6.2;0;-1.8;-1;-1;-1;-1;-1;-1;0;0;-1.8
055_042_00030;50.49;0;-3.2;-1;-1;-1;-1;-1;-1;-1;-1;-1;-1;-1;-1;38.79;0;-3.2;-1;-1;-1;-1;-1;-1;35.49;0;-0.14;31.49;0;-0.12;28.99;0;-0.24;17.99;0;-0.44;-1;-1;-1;-1;-1;-1;2.03;0;-3.71;-1;-1;-1;-1;-1;-1;0;0;-3.71
055_042_00031;88.16;0;-1.37;83.135;0;-2.296;82.16;0;-3.33;78.16;0;-3.33;77.214;0;-2.299;15.66;0;-1.63;-1;-1;-1;-1;-1;-1;11.66;0;-0.34;9.66;0;-0.18;7.16;0;-0.15;6.66;0;-0.3;5.79;0;-1.36;5.28;0;-1.42;3.99;0;-1.86;-1;-1;-1;-1;-1;-1;0;0;-1.86
055_042_00032;50.38;0;-3.33;-1;-1;-1;-1;-1;-1;-1;-1;-1;-1;-1;-1;29.38;0;-2.16;27.88;0;-1.65;14.88;0;-1.51;11.88;0;0.09;9.38;0;0.1;6.88;0;0.08;5.88;0;-0.02;-1;-1;-1;-1;-1;-1;3.82;0;-2.48;-1;-1;-1;-1;-1;-1;0;0;-2.48
055_042_00033;46.46;0;-3.33;19.375;0;-2.39;18.46;0;-3.33;18.26;0;-3.33;17.31;0;-2.365;16.96;0;-2.01;-1;-1;-1;-1;-1;-1;12.46;0;-0.22;11.96;0;-0.24;9.46;0;-0.47;9.96;0;-0.33;-1;-1;-1;-1;-1;-1;4.85;0;-2.3;-1;-1;-1;-1;-1;-1;0;0;-2.3
055_042_00034;40;0;-1.93;19.809;0;-2.306;18.8;0;-3.33;18.6;0;-3.33;17.602;0;-2.236;17;0;-2.06;13;0;-0.72;12.5;0;-0.72;11.5;0;-0.26;10.5;0;-0.18;8;0;-1.719;9.5;0;-0.24;-1;-1;-1;-1;-1;-1;7.29;0;-2.08;-1;-1;-1;-1;-1;-1;0;0;-2.09
055_042_00035;32;0;-1.86;17.5;0;-1.75;15.3;0;-3.33;14.7;0;-3.33;13;0;-1.74;12.5;0;-1.5;-1;-1;-1;-1;-1;-1;10;0;-0.74;9.5;0;-0.51;7;0;-1.2;8.5;0;-0.67;-1;-1;-1;-1;-1;-1;7.25;0;-1.2;-1;-1;-1;-1;-1;-1;0;0;-1.2
055_042_00036;55;0;-1.37;-1;-1;-1;-1;-1;-1;-1;-1;-1;-1;-1;-1;44;0;-1.31;-1;-1;-1;-1;-1;-1;15.5;0;-0.29;14.5;0;-0.27;12;0;-0.19;10;0;-0.24;-1;-1;-1;-1;-1;-1;8;0;-1.2;-1;-1;-1;-1;-1;-1;0;0;-1.2
055_042_00037;47.4;0;-1.92;22.4;0;-2.31;21.4;0;-3.3;21.4;0;-3.3;20.4;0;-2.14;19.4;0;-1.81;-1;-1;-1;-1;-1;-1;16.4;0;-0.61;15.9;0;-0.68;13.4;0;-0.66;6.9;0;-0.26;-1;-1;-1;-1;-1;-1;6.32;0;-1.76;-1;-1;-1;-1;-1;-1;0;0;-2.31
055_042_00038;83.39;0;-3.3;-1;-1;-1;-1;-1;-1;-1;-1;-1;-1;-1;-1;74.39;0;-3.3;-1;-1;-1;-1;-1;-1;70.89;0;-1.45;19.39;0;-0.81;16.89;0;-0.79;7.39;0;-0.53;-1;-1;-1;-1;-1;-1;6.534;0;-1.339;-1;-1;-1;-1;-1;-1;0;0;-2.31
055_042_00039;42.29;0;-1.67;-1;-1;-1;-1;-1;-1;-1;-1;-1;-1;-1;-1;19.79;0;-1.63;-1;-1;-1;-1;-1;-1;12.79;0;-0.36;12.29;0;-0.36;9.79;0;-0.775;10.79;0;-0.35;-1;-1;-1;-1;-1;-1;6.87;0;-1.8;-1;-1;-1;-1;-1;-1;0;0;-1.8
055_042_00040;35.79;0;-3.3;-1;-1;-1;-1;-1;-1;-1;-1;-1;-1;-1;-1;26.99;0;-3.3;22.29;0;-0.9;18.29;0;-0.75;12.79;0;-0.37;12.29;0;-0.29;9.79;0;-0.741;11.29;0;-0.25;-1;-1;-1;-1;-1;-1;6.87;0;-1.8;-1;-1;-1;-1;-1;-1;0;0;-1.8
055_042_00041;44.79;0;-1.85;22.29;0;-2.31;21.29;0;-3.33;18.79;0;-3.33;17.29;0;-2.24;16.29;0;-2.08;-1;-1;-1;-1;-1;-1;12.29;0;-0.37;11.79;0;-0.33;9.29;0;-0.915;10.79;0;-0.37;-1;-1;-1;-1;-1;-1;6.87;0;-1.8;-1;-1;-1;-1;-1;-1;0;0;-1.8
063_042_00001;59.547;0;-2.316;-1;-1;-1;-1;-1;-1;-1;-1;-1;-1;-1;-1;30;0;-2.09;-1;-1;-1;-1;-1;-1;15.5;0;-0.479;14.5;0;-0.447;12;0;-0.657;13;0;-0.455;-1;-1;-1;-1;-1;-1;4.715;0;-2.04;-1;-1;-1;-1;-1;-1;0;0;-2.04
063_042_00003;57.5;0;-3.676;-1;-1;-1;-1;-1;-1;-1;-1;-1;-1;-1;-1;40.5;0;-3.412;-1;-1;-1;-1;-1;-1;25;0;-0.297;24.5;0;-0.208;22;0;-0.363;21.5;0;-0.291;-1;-1;-1;-1;-1;-1;16;0;-1.51;-1;-1;-1;-1;-1;-1;0;0;-2.91
063_042_00004;57.5;0;-3.676;-1;-1;-1;-1;-1;-1;-1;-1;-1;-1;-1;-1;38;0;-3.229;-1;-1;-1;-1;-1;-1;25;0;-0.297;24.5;0;-0.208;22;0;-0.363;23;0;-0.228;-1;-1;-1;-1;-1;-1;16;0;-1.51;-1;-1;-1;-1;-1;-1;0;0;-2.91
063_042_00005;58.315;0;-3.948;42.152;0;-4.075;41.377;0;-4.85;40.467;0;-4.85;39.815;0;-4.192;37.815;0;-3.65;-1;-1;-1;-1;-1;-1;20.815;0;-0.238;19.815;0;-0.189;17.315;0;-0.428;18.315;0;-0.204;-1;-1;-1;-1;-1;-1;8.342;0;-2.401;-1;-1;-1;-1;-1;-1;0;0;-2.801
074_042_00001;40.1;0;-1.24;-1;-1;-1;-1;-1;-1;-1;-1;-1;-1;-1;-1;14.6;0;-1.3;12.1;0;-0.88;11.6;0;-0.88;9.6;0;-0.05;9.1;0;-0.01;6.6;0;-0.52;7.1;0;-0.14;-1;-1;-1;-1;-1;-1;4.05;0;-1.2;-1;-1;-1;-1;-1;-1;0;0;-1.2
074_042_00007;40.1;0;-2.12;-1;-1;-1;-1;-1;-1;-1;-1;-1;-1;-1;-1;17.397;0;-2.12;15.6;0;-1.63;12.6;0;-1.45;8.1;0;-0.07;7.6;0;0.07;5.1;0;-0.682;7.1;0;-0.12;-1;-1;-1;-1;-1;-1;3.5;0;-1.2;-1;-1;-1;-1;-1;-1;0;0;-1.2
074_042_00008;31.5;0;-1.24;-1;-1;-1;-1;-1;-1;-1;-1;-1;-1;-1;-1;17;0;-1.03;-1;-1;-1;-1;-1;-1;13.5;0;-0.17;13;0;-0.12;10.5;0;-0.423;11.5;0;-0.17;-1;-1;-1;-1;-1;-1;5.7;0;-2.75;-1;-1;-1;-1;-1;-1;0;0;-3.4
074_042_00009;36.5;0;-2.27;-1;-1;-1;-1;-1;-1;-1;-1;-1;-1;-1;-1;30.457;0;-2.27;28.988;0;-1.62;21.5;0;-1.13;18.37;0;-0.35;17.5;0;-0.04;15;0;-0.35;14.5;0;-0.46;-1;-1;-1;-1;-1;-1;7.4;0;-2.2;-1;-1;-1;-1;-1;-1;0;0;-2.284
074_042_00010;50.474;0;-2.27;-1;-1;-1;-1;-1;-1;-1;-1;-1;-1;-1;-1;47;0;-1.21;25.5;0;-0.59;17;0;-0.47;15.5;0;-0.16;15.5;0;-0.16;13;0;-0.16;12;0;-0.26;-1;-1;-1;-1;-1;-1;9.605;0;-1.242;-1;-1;-1;-1;-1;-1;0;0;-1.5
074_042_00011;36.938;0;-2.27;-1;-1;-1;-1;-1;-1;-1;-1;-1;-1;-1;-1;20.17;0;-1.528;-1;-1;-1;-1;-1;-1;11.938;0;-0.23;11.438;0;-0.14;8.938;0;-0.44;10.438;0;-0.12;-1;-1;-1;-1;-1;-1;1.56;0;-1.4;-1;-1;-1;-1;-1;-1;0;0;-1.614
074_042_00012;33.939;0;-2.12;-1;-1;-1;-1;-1;-1;-1;-1;-1;-1;-1;-1;22.439;0;-1.17;-1;-1;-1;-1;-1;-1;12.439;0;-0.17;11.939;0;-0.16;9.439;0;-0.38;11.439;0;-0.17;-1;-1;-1;-1;-1;-1;1.976;0;-1;-1;-1;-1;-1;-1;-1;0;0;-1.006
074_042_00013;23;0;-2.27;-1;-1;-1;-1;-1;-1;-1;-1;-1;-1;-1;-1;14.5;0;-1.1;-1;-1;-1;-1;-1;-1;8.5;0;-0.31;8;0;-0.29;5.5;0;-0.48;7;0;-0.24;6;0;-0.47;5.5;0;-0.48;4.367;0;-1.2;-1;-1;-1;-1;-1;-1;0;0;-1.2
074_042_00014;31.946;0;-2.27;-1;-1;-1;-1;-1;-1;-1;-1;-1;-1;-1;-1;13.446;0;-0.97;12.446;0;-0.42;11.946;0;-0.39;10.946;0;-0.05;10.446;0;-0.11;7.946;0;-0.36;10.446;0;-0.11;9.446;0;-0.37;7.946;0;-0.36;2.943;0;-1.68;-1;-1;-1;-1;-1;-1;0;0;-1.87
074_042_00015;29.5;0;2.24;-1;-1;-1;-1;-1;-1;-1;-1;-1;-1;-1;-1;22.5;0;-0.37;-1;-1;-1;-1;-1;-1;10;0;-0.05;9.5;0;0;7;0;-1.008;9.5;0;0;-1;-1;-1;-1;-1;-1;3.8;0;-2.3;-1;-1;-1;-1;-1;-1;0;0;-2.3
074_042_00016;28;0;-1.4;-1;-1;-1;-1;-1;-1;-1;-1;-1;-1;-1;-1;15.5;0;-1.38;-1;-1;-1;-1;-1;-1;10;0;-0.36;9;0;-0.22;6.5;0;-0.616;7.5;0;-0.29;-1;-1;-1;-1;-1;-1;2.5;0;-2.3;-1;-1;-1;-1;-1;-1;0;0;-2.3
074_042_00017;26;0;-1.11;19.13;0;-1.127;17.602;0;-2.37;16.541;0;-2.37;15.276;0;-1.338;13.5;0;-0.93;13;0;-0.69;10;0;-0.66;8;0;-0.11;7.5;0;-0.09;5;0;-0.807;6;0;-0.15;-1;-1;-1;-1;-1;-1;4.31;0;-1.2;-1;-1;-1;-1;-1;-1;0;0;-1.2
074_042_00018;40.1;0;-1.24;-1;-1;-1;-1;-1;-1;-1;-1;-1;-1;-1;-1;14.1;0;-1.21;12.1;0;-0.88;11.6;0;-0.88;9.6;0;-0.05;8.6;0;-0.01;6.1;0;-0.491;7.6;0;-0.04;6.6;0;-0.52;6.15;0;-0.474;4.05;0;-1.2;-1;-1;-1;-1;-1;-1;0;0;-1.2
074_042_00019;40.1;0;-1.24;-1;-1;-1;-1;-1;-1;-1;-1;-1;-1;-1;-1;14.6;0;-1.3;12.1;0;-0.88;11.6;0;-0.88;9.6;0;-0.05;9.1;0;-0.01;6.6;0;-0.52;7.1;0;-0.14;-1;-1;-1;-1;-1;-1;4.05;0;-1.2;-1;-1;-1;-1;-1;-1;0;0;-1.2
081_042_00002;50.37;0;-2;-1;-1;-1;-1;-1;-1;-1;-1;-1;-1;-1;-1;24.329;0;-2;-1;-1;-1;-1;-1;-1;17.864;0;-0.217;17.364;0;-0.217;14.864;0;-0.256;15.364;0;-0.046;-1;-1;-1;-1;-1;-1;12.328;0;-1.848;-1;-1;-1;-1;-1;-1;0;0;-2.304
081_042_00003;77.689;0;-1.979;59.679;0;-2.027;58.076;0;-2.993;57.436;0;-2.993;55.689;0;-1.993;33.689;0;-1.613;-1;-1;-1;-1;-1;-1;29.689;0;-0.227;29.189;0;-0.182;26.689;0;-0.427;28.189;0;-0.158;-1;-1;-1;-1;-1;-1;16.78;0;-3.797;-1;-1;-1;-1;-1;-1;0;0;-3.797
081_042_00004;50.37;0;-2;-1;-1;-1;-1;-1;-1;-1;-1;-1;-1;-1;-1;24.329;0;-2;-1;-1;-1;-1;-1;-1;17.864;0;-0.217;17.364;0;-0.217;14.864;0;-0.256;15.364;0;-0.046;-1;-1;-1;-1;-1;-1;12.328;0;-1.848;-1;-1;-1;-1;-1;-1;0;0;-2.304
104_042_00001;100;0;-2.002;38.008;0;-2.212;36.5;0;-2.9;35.492;0;-2.9;34.008;0;-1.802;34.008;0;-1.802;-1;-1;-1;-1;-1;-1;26.508;0;-0.272;25.508;0;-0.162;23.008;0;-0.342;23.508;0;-0.222;-1;-1;-1;-1;-1;-1;8.9;0;-4.3;-1;-1;-1;-1;-1;-1;0;0;-4.3
104_042_00002;100;0;-1.66;38;0;-1.44;35.8;0;-2.5;35;0;-2.5;31.5;0;-0.97;30;0;-0.96;-1;-1;-1;-1;-1;-1;25;0;-0.19;24;0;-0.1;21.5;0;-0.1;21.5;0;-0.1;-1;-1;-1;-1;-1;-1;7.77;0;-4.3;-1;-1;-1;-1;-1;-1;0;0;-4.3
104_042_00014;100;0;-1.66;37;0;-1.7;35.8;0;-2.5;35;0;-2.5;31.5;0;-0.97;30;0;-0.96;-1;-1;-1;-1;-1;-1;25;0;-0.19;24.5;0;-0.17;22;0;-0.06;21.5;0;-0.1;-1;-1;-1;-1;-1;-1;7.77;0;-4.3;-1;-1;-1;-1;-1;-1;0;0;-4.3
104_042_00015;68.989;0;-1.27;-1;-1;-1;-1;-1;-1;-1;-1;-1;-1;-1;-1;13;0;-0.92;-1;-1;-1;-1;-1;-1;11.5;0;-0.15;11;0;-0.08;8.5;0;-0.09;8.5;0;-0.09;-1;-1;-1;-1;-1;-1;2.98;0;-1.8;-1;-1;-1;-1;-1;-1;0;0;-1.8
104_042_00016;102.011;0;-1.69;-1;-1;-1;-1;-1;-1;-1;-1;-1;-1;-1;-1;15;0;-1.61;-1;-1;-1;-1;-1;-1;8;0;-0.15;8;0;-0.15;5.5;0;-0.23;6;0;-0.08;-1;-1;-1;-1;-1;-1;4;0;-1.2;-1;-1;-1;-1;-1;-1;0;0;-1.2
104_042_00017;102.011;0;-1.69;-1;-1;-1;-1;-1;-1;-1;-1;-1;-1;-1;-1;15;0;-1.61;-1;-1;-1;-1;-1;-1;8;0;-0.15;8;0;-0.15;5.5;0;-0.23;5.755;0;-0.14;-1;-1;-1;-1;-1;-1;4;0;-1.2;-1;-1;-1;-1;-1;-1;0;0;-1.2
104_042_00018;102.011;0;-1.69;-1;-1;-1;-1;-1;-1;-1;-1;-1;-1;-1;-1;15;0;-1.61;-1;-1;-1;-1;-1;-1;8;0;-0.15;8;0;-0.15;5.5;0;-0.23;6;0;-0.08;-1;-1;-1;-1;-1;-1;4;0;-1.2;-1;-1;-1;-1;-1;-1;0;0;-1.2
104_042_00019;100;0;-1.7;-1;-1;-1;-1;-1;-1;-1;-1;-1;-1;-1;-1;12;0;-0.98;-1;-1;-1;-1;-1;-1;10;0;-0.18;9.5;0;-0.12;7;0;-0.61;8.5;0;-0.11;-1;-1;-1;-1;-1;-1;3.46;0;-1.8;-1;-1;-1;-1;-1;-1;0;0;-1.8
104_042_00020;100;0;-1.36;-1;-1;-1;-1;-1;-1;-1;-1;-1;-1;-1;-1;8.868;0;-0.837;-1;-1;-1;-1;-1;-1;6;0;-0.36;6;0;-0.36;3.5;0;-0.31;3;0;-0.33;-1;-1;-1;-1;-1;-1;1.5;0;-1.2;-1;-1;-1;-1;-1;-1;0;0;-1.2
104_042_00021;100;0;-1.36;-1;-1;-1;-1;-1;-1;-1;-1;-1;-1;-1;-1;8.868;0;-0.837;-1;-1;-1;-1;-1;-1;6;0;-0.36;6;0;-0.36;3.5;0;-0.31;3;0;-0.33;-1;-1;-1;-1;-1;-1;1.5;0;-1.2;-1;-1;-1;-1;-1;-1;0;0;-1.2
104_042_00022;100;0;-1.36;-1;-1;-1;-1;-1;-1;-1;-1;-1;-1;-1;-1;8.868;0;-0.837;-1;-1;-1;-1;-1;-1;6.5;0;-0.43;5;0;-0.35;2.5;0;-0.579;3;0;-0.33;-1;-1;-1;-1;-1;-1;1.5;0;-1.2;-1;-1;-1;-1;-1;-1;0;0;-1.2
104_042_00023;100;0;-1.36;-1;-1;-1;-1;-1;-1;-1;-1;-1;-1;-1;-1;8.5;0;-0.82;-1;-1;-1;-1;-1;-1;6.5;0;-0.43;6.5;0;-0.43;4;0;-0.32;3;0;-0.33;-1;-1;-1;-1;-1;-1;1.5;0;-1.2;-1;-1;-1;-1;-1;-1;0;0;-1.2
104_042_00024;100;0;-1.36;-1;-1;-1;-1;-1;-1;-1;-1;-1;-1;-1;-1;8.5;0;-0.82;-1;-1;-1;-1;-1;-1;6;0;-0.36;6;0;-0.36;3.5;0;-0.31;3;0;-0.33;-1;-1;-1;-1;-1;-1;1.5;0;-1.2;-1;-1;-1;-1;-1;-1;0;0;-1.2
104_042_00031;100;0;0.07;19;0;-0.24;16.3;0;-2.3;14.7;0;-2.3;12.5;0;-0.51;12.5;0;-0.51;-1;-1;-1;-1;-1;-1;10;0;0.45;10;0;0.45;7.5;0;0.43;6.5;0;0.28;-1;-1;-1;-1;-1;-1;0.66;0;-2.05;-1;-1;-1;-1;-1;-1;0;0;-2.05
104_042_00032;100;0;0.07;19;0;-0.24;16.3;0;-2.3;14.7;0;-2.3;12.5;0;-0.51;12.5;0;-0.51;-1;-1;-1;-1;-1;-1;10;0;0.45;10;0;0.45;7.5;0;0.43;6.5;0;0.28;-1;-1;-1;-1;-1;-1;0.66;0;-2.05;-1;-1;-1;-1;-1;-1;0;0;-2.05
104_042_00033;100;0;0.07;19;0;-0.24;16.3;0;-2.3;14.7;0;-2.3;12.5;0;-0.51;12.5;0;-0.51;-1;-1;-1;-1;-1;-1;10;0;0.45;10;0;0.45;7.5;0;0.43;6.5;0;0.28;-1;-1;-1;-1;-1;-1;0.66;0;-2.05;-1;-1;-1;-1;-1;-1;0;0;-2.05
104_042_00034;100;0;-2.3;-1;-1;-1;-1;-1;-1;-1;-1;-1;-1;-1;-1;30;0;-1.47;-1;-1;-1;-1;-1;-1;25;0;-0.28;24;0;-0.25;21.5;0;-0.13;20;0;-0.18;-1;-1;-1;-1;-1;-1;7.55;0;-4.3;-1;-1;-1;-1;-1;-1;0;0;-4.3
144_042_00001;52.011;0;-4.336;49;0;-4.75;48.004;0;-5.839;47.34;0;-5.788;46;0;-4.7;46;0;-4.7;-1;-1;-1;-1;-1;-1;21.5;0;-0.24;20.5;0;-0.15;18;0;-0.15;16.5;0;-0.25;-1;-1;-1;-1;-1;-1;3.504;0;-3.84;-1;-1;-1;-1;-1;-1;0;0;-3.84
144_042_00002;70;0;-3.937;54.5;0;-4.2;52.506;0;-5.95;51.645;0;-5.95;50.5;0;-4.53;48;0;-4.2;-1;-1;-1;-1;-1;-1;19;0;-0.16;18.5;0;-0.07;16;0;-0.4;16.5;0;-0.24;-1;-1;-1;-1;-1;-1;3.843;0;-3.84;-1;-1;-1;-1;-1;-1;0;0;-3.84
144_042_00005;53;0;-3.441;50.5;0;-3.42;48.863;0;-5.05;48.06;0;-5.05;47;0;-3.63;46.5;0;-3.5;-1;-1;-1;-1;-1;-1;20.5;0;-0.33;19;0;-0.31;16.5;0;-0.28;10;0;-0.3;-1;-1;-1;-1;-1;-1;5.094;0;-2.34;-1;-1;-1;-1;-1;-1;0;0;-2.34
144_042_00006;57;0;-2.058;47.5;0;-1.87;44.152;0;-3.8;40.699;0;-3.8;38;0;-1.84;24.5;0;-1.33;-1;-1;-1;-1;-1;-1;20;0;0.03;19;0;0.04;16.5;0;0.07;12;0;0.13;-1;-1;-1;-1;-1;-1;7.633;0;-2.34;-1;-1;-1;-1;-1;-1;0;0;-2.34
144_042_00007;40;0;-2.38;37;0;-2.65;35.915;0;-4;34.715;0;-4;33.5;0;-2.8;26;0;-2.27;-1;-1;-1;-1;-1;-1;11;0;-1.03;10.5;0;-1.02;8;0;-1.02;8;0;-1.02;-1;-1;-1;-1;-1;-1;3.354;0;-2.95;-1;-1;-1;-1;-1;-1;0;0;-2.95
144_042_00017;60;0;-4.375;47;0;-4.35;45.46;0;-5.65;44.492;0;-5.65;44;0;-4.59;44;0;-4.59;-1;-1;-1;-1;-1;-1;19;0;-0.31;19;0;-0.31;16.5;0;-0.26;9.5;0;-0.23;-1;-1;-1;-1;-1;-1;6.69;0;-2.34;-1;-1;-1;-1;-1;-1;0;0;-2.34
144_042_00018;51;0;-4.564;39.5;0;-4.61;38.096;0;-5.95;36.768;0;-5.95;35;0;-4.65;31;0;-4.41;-1;-1;-1;-1;-1;-1;13;0;-0.98;12.5;0;-0.95;10;0;-1.08;9.5;0;-1.09;-1;-1;-1;-1;-1;-1;2.582;0;-3.95;-1;-1;-1;-1;-1;-1;0;0;-3.95
144_042_00019;45;0;-4.362;38.409;0;-4.86;37.759;0;-5.63;37.118;0;-5.63;36;0;-4.69;27;0;-4.1;-1;-1;-1;-1;-1;-1;18;0;-0.63;17;0;-0.59;14.5;0;-0.56;11.5;0;-0.56;-1;-1;-1;-1;-1;-1;3.109;0;-3.95;-1;-1;-1;-1;-1;-1;0;0;-3.95
144_042_00020;55;0;-4.651;46.5;0;-4.98;45.845;0;-5.95;44.727;0;-5.95;44;0;-4.99;28.5;0;-4.33;-1;-1;-1;-1;-1;-1;16.5;0;-1.11;15.5;0;-1.01;13;0;-0.95;9;0;-0.94;-1;-1;-1;-1;-1;-1;4.134;0;-3.304;-1;-1;-1;-1;-1;-1;0;0;-3.304
144_042_00021;53;0;-4.482;41;0;-4.48;38.734;0;-5.95;37.775;0;-5.95;35.5;0;-4.51;26.5;0;-4.27;-1;-1;-1;-1;-1;-1;14;0;-1.49;13;0;-1.45;10.5;0;-1.28;8;0;-1.22;-1;-1;-1;-1;-1;-1;2.489;0;-3.44;-1;-1;-1;-1;-1;-1;0;0;-3.44
144_042_00022;57;0;-4.705;40;0;-4.69;38.091;0;-5.95;37.452;0;-5.95;36;0;-4.73;28.5;0;-4.27;-1;-1;-1;-1;-1;-1;14.5;0;-1.37;14.5;0;-1.37;12;0;-1.33;9.5;0;-1.28;-1;-1;-1;-1;-1;-1;3.422;0;-4.276;-1;-1;-1;-1;-1;-1;0;0;-4.276
144_042_00023;55;0;-4.386;42;0;-4.57;40.444;0;-5.45;39.952;0;-5.45;38.5;0;-4.58;30.5;0;-3.93;-1;-1;-1;-1;-1;-1;14.5;0;-1.13;14;0;-1.05;11.5;0;-1.27;12;0;-1.17;-1;-1;-1;-1;-1;-1;2.942;0;-3.424;-1;-1;-1;-1;-1;-1;0;0;-3.424
144_042_00024;72;0;-4.666;52;0;-4.87;51.5;0;-5.45;51;0;-5.45;50.5;0;-4.91;45.5;0;-4.33;-1;-1;-1;-1;-1;-1;21;0;-0.32;19.5;0;-0.26;17;0;-0.26;13;0;-0.45;-1;-1;-1;-1;-1;-1;2.785;0;-4.288;-1;-1;-1;-1;-1;-1;0;0;-4.288
157_042_00008;26.08;0;-0.53;24.08;0;-0.6;20.39;0;-2.8;19.39;0;-2.8;17.58;0;-0.99;16.08;0;-0.68;-1;-1;-1;-1;-1;-1;10.58;0;-0.23;10.58;0;-0.23;8.08;0;-0.486;8.58;0;-0.29;-1;-1;-1;-1;-1;-1;4.82;0;-1.6;-1;-1;-1;-1;-1;-1;0;0;-1.6
157_042_00009;26.08;0;-0.53;24.08;0;-0.6;20.39;0;-2.8;19.39;0;-2.8;17.58;0;-0.99;16.08;0;-0.68;-1;-1;-1;-1;-1;-1;10.58;0;-0.23;10.58;0;-0.23;8.08;0;-0.486;8.58;0;-0.29;-1;-1;-1;-1;-1;-1;4.82;0;-1.6;-1;-1;-1;-1;-1;-1;0;0;-1.6
157_042_00015;59.005;0;-2.81;55.75;0;-2.83;52.75;0;-4.45;51.75;0;-4.45;48.75;0;-2.61;48.75;0;-2.61;-1;-1;-1;-1;-1;-1;29.773;0;-0.195;29.25;0;-0.13;26.75;0;-0.36;27.25;0;-0.2;-1;-1;-1;-1;-1;-1;15.28;0;-4.5;-1;-1;-1;-1;-1;-1;0;0;-4.5
157_042_00016;65.51;0;-3.015;55.51;0;-2.785;54.087;0;-4.32;53.01;0;-4.405;51.51;0;-2.89;50.51;0;-2.59;-1;-1;-1;-1;-1;-1;47.01;0;-0.95;41.01;0;-0.7;38.51;0;-0.51;28.01;0;-0.1;-1;-1;-1;-1;-1;-1;26.46;0;-3.35;-1;-1;-1;-1;-1;-1;0;0;-4.5
157_042_00017;49.33;0;-2.6;43.33;0;-2.5;41.83;0;-4.45;40.83;0;-4.45;38.83;0;-2.5;31.83;0;-2.18;-1;-1;-1;-1;-1;-1;15.33;0;-0.07;14.83;0;-0.07;12.33;0;0.02;8.33;0;-0.11;-1;-1;-1;-1;-1;-1;4.11;0;-1.6;-1;-1;-1;-1;-1;-1;0;0;-1.6
157_042_00018;49.33;0;-2.6;43.33;0;-2.5;41.83;0;-4.45;40.83;0;-4.45;38.83;0;-2.5;22.83;0;-1.66;-1;-1;-1;-1;-1;-1;15.33;0;-0.07;14.83;0;-0.07;12.33;0;0.02;8.33;0;-0.11;-1;-1;-1;-1;-1;-1;4.11;0;-1.6;-1;-1;-1;-1;-1;-1;0;0;-1.6
157_042_00019;49.33;0;-2.6;43.33;0;-2.5;41.83;0;-4.45;40.83;0;-4.45;38.83;0;-2.5;24.83;0;-1.78;-1;-1;-1;-1;-1;-1;15.33;0;-0.07;14.33;0;-0.05;11.83;0;-0.02;8.33;0;-0.11;-1;-1;-1;-1;-1;-1;4.11;0;-1.6;-1;-1;-1;-1;-1;-1;0;0;-1.6
157_042_00020;49.33;0;-2.6;43.33;0;-2.5;41.83;0;-4.45;40.83;0;-4.45;38.83;0;-2.5;23.33;0;-1.67;-1;-1;-1;-1;-1;-1;15.33;0;-0.07;14.83;0;-0.07;12.33;0;0.02;8.33;0;-0.11;-1;-1;-1;-1;-1;-1;4.11;0;-1.6;-1;-1;-1;-1;-1;-1;0;0;-1.6
157_042_00021;27.81;0;-0.9;25.72;0;-0.9;23.827;0;-2.793;22.81;0;-2.79;20.81;0;-0.79;11.81;0;-0.64;-1;-1;-1;-1;-1;-1;10.31;0;-0.15;9.81;0;-0.11;7.31;0;-0.65;8.81;0;-0.23;-1;-1;-1;-1;-1;-1;4.11;0;-1.6;-1;-1;-1;-1;-1;-1;0;0;-1.6
157_042_00022;27.81;0;-0.9;25.72;0;-0.9;23.82;0;-2.8;22.82;0;-2.8;20.81;0;-0.79;11.81;0;-0.64;-1;-1;-1;-1;-1;-1;10.81;0;-0.26;10.81;0;-0.26;8.31;0;-0.43;8.81;0;-0.23;-1;-1;-1;-1;-1;-1;4.11;0;-1.6;-1;-1;-1;-1;-1;-1;0;0;-1.6
157_042_00023;27.81;0;-0.9;25.72;0;-0.9;23.82;0;-2.8;22.82;0;-2.8;20.81;0;-0.79;11.81;0;-0.64;-1;-1;-1;-1;-1;-1;10.31;0;-0.15;10.31;0;-0.15;7.81;0;-0.64;8.81;0;-0.23;-1;-1;-1;-1;-1;-1;4.11;0;-1.6;-1;-1;-1;-1;-1;-1;0;0;-1.6
157_042_00024;27.81;0;-0.9;25.72;0;-0.9;23.82;0;-2.8;22.81;0;-2.79;20.81;0;-0.79;11.81;0;-0.64;-1;-1;-1;-1;-1;-1;10.81;0;-0.26;10.81;0;-0.26;8.31;0;-0.43;8.81;0;-0.23;-1;-1;-1;-1;-1;-1;4.11;0;-1.6;-1;-1;-1;-1;-1;-1;0;0;-1.6
157_042_00025;27.81;0;-0.9;25.72;0;-0.9;23.82;0;-2.8;22.81;0;-2.79;20.81;0;-0.79;11.81;0;-0.64;-1;-1;-1;-1;-1;-1;10.81;0;-0.26;10.81;0;-0.26;8.31;0;-0.43;8.81;0;-0.23;-1;-1;-1;-1;-1;-1;4.11;0;-1.6;-1;-1;-1;-1;-1;-1;0;0;-1.6
157_042_00026;27.81;0;-0.9;25.72;0;-0.9;23.82;0;-2.8;22.82;0;-2.8;20.81;0;-0.79;11.81;0;-0.64;-1;-1;-1;-1;-1;-1;10.81;0;-0.26;10.81;0;-0.26;8.31;0;-0.43;8.81;0;-0.23;-1;-1;-1;-1;-1;-1;4.11;0;-1.6;-1;-1;-1;-1;-1;-1;0;0;-1.6
157_042_00027;27.81;0;-0.9;25.72;0;-0.9;23.827;0;-2.793;22.82;0;-2.8;20.81;0;-0.79;11.81;0;-0.64;-1;-1;-1;-1;-1;-1;10.81;0;-0.26;10.81;0;-0.26;8.31;0;-0.43;8.81;0;-0.23;-1;-1;-1;-1;-1;-1;4.11;0;-1.6;-1;-1;-1;-1;-1;-1;0;0;-1.6
157_042_00028;62.94;0;-1.04;52.28;0;-1.14;50.62;0;-2.8;49.62;0;-2.8;47.94;0;-1.12;39.94;0;-1.07;-1;-1;-1;-1;-1;-1;32.44;0;-0.27;31.94;0;-0.26;29.44;0;-0.09;27.94;0;-0.04;-1;-1;-1;-1;-1;-1;16.09;0;-4.5;-1;-1;-1;-1;-1;-1;0;0;-4.5
157_042_00029;57.04;0;-0.58;41.48;0;-1.15;39.83;0;-2.8;38.83;0;-2.8;37.04;0;-1.01;35.54;0;-0.86;-1;-1;-1;-1;-1;-1;33.54;0;-0.3;32.54;0;-0.16;30.04;0;-0.39;26.54;0;-0.46;-1;-1;-1;-1;-1;-1;15.293;0;-4.484;-1;-1;-1;-1;-1;-1;0;0;-4.5
157_042_00030;26.08;0;-0.53;22.12;0;-1.07;20.39;0;-2.8;19.39;0;-2.8;17.58;0;-0.99;17.58;0;-0.99;-1;-1;-1;-1;-1;-1;10.58;0;-0.23;10.58;0;-0.23;8.08;0;-0.486;8.48;0;-0.31;-1;-1;-1;-1;-1;-1;4.82;0;-1.6;-1;-1;-1;-1;-1;-1;0;0;-1.6
157_042_00031;26.08;0;-0.53;22.12;0;-1.07;20.39;0;-2.8;19.39;0;-2.8;17.58;0;-0.99;17.58;0;-0.99;-1;-1;-1;-1;-1;-1;10.58;0;-0.23;10.58;0;-0.23;8.08;0;-0.486;8.58;0;-0.29;-1;-1;-1;-1;-1;-1;4.82;0;-1.6;-1;-1;-1;-1;-1;-1;0;0;-1.6
157_042_00032;26.08;0;-0.53;22.12;0;-1.07;20.39;0;-2.8;19.39;0;-2.8;17.58;0;-0.99;16.08;0;-0.68;-1;-1;-1;-1;-1;-1;10.58;0;-0.23;10.08;0;-0.16;7.58;0;-0.68;8.58;0;-0.29;-1;-1;-1;-1;-1;-1;4.82;0;-1.6;-1;-1;-1;-1;-1;-1;0;0;-1.6
157_042_00033;26.08;0;-0.53;22.12;0;-1.07;20.39;0;-2.8;19.39;0;-2.8;17.58;0;-0.99;17.58;0;-0.99;-1;-1;-1;-1;-1;-1;10.58;0;-0.23;10.58;0;-0.23;8.08;0;-0.486;8.58;0;-0.29;-1;-1;-1;-1;-1;-1;4.82;0;-1.6;-1;-1;-1;-1;-1;-1;0;0;-1.6
157_042_00034;49.94;0;-0.9;-1;-1;-1;-1;-1;-1;-1;-1;-1;-1;-1;-1;8.44;0;-0.51;-1;-1;-1;-1;-1;-1;7.44;0;-0.25;7.44;0;-0.25;4.94;0;-0.627;5.94;0;-0.22;-1;-1;-1;-1;-1;-1;3.34;0;-1.16;-1;-1;-1;-1;-1;-1;0;0;-1.16
157_042_00035;49.94;0;-0.9;-1;-1;-1;-1;-1;-1;-1;-1;-1;-1;-1;-1;8.44;0;-0.51;-1;-1;-1;-1;-1;-1;7.44;0;-0.25;7.44;0;-0.25;4.94;0;-0.627;5.94;0;-0.22;-1;-1;-1;-1;-1;-1;3.34;0;-1.16;-1;-1;-1;-1;-1;-1;0;0;-1.16
157_042_00036;49.94;0;-0.9;-1;-1;-1;-1;-1;-1;-1;-1;-1;-1;-1;-1;8.44;0;-0.51;-1;-1;-1;-1;-1;-1;7.44;0;-0.25;7.44;0;-0.25;4.94;0;-0.627;5.94;0;-0.22;-1;-1;-1;-1;-1;-1;3.34;0;-1.16;-1;-1;-1;-1;-1;-1;0;0;-1.16
157_042_00037;49.94;0;-0.9;-1;-1;-1;-1;-1;-1;-1;-1;-1;-1;-1;-1;8.44;0;-0.51;-1;-1;-1;-1;-1;-1;7.44;0;-0.25;7.44;0;-0.25;4.94;0;-0.627;5.94;0;-0.22;-1;-1;-1;-1;-1;-1;3.34;0;-1.16;-1;-1;-1;-1;-1;-1;0;0;-1.16
157_042_00038;48.66;0;-0.296;20.95;0;-0.32;19.09;0;-2.12;18.09;0;-2.12;16.16;0;-0.19;15.66;0;-0.19;-1;-1;-1;-1;-1;-1;14.16;0;0.64;14.16;0;0.64;11.66;0;0.69;8.16;0;0.57;-1;-1;-1;-1;-1;-1;6.05;0;-1.123;-1;-1;-1;-1;-1;-1;0;0;-1.8
157_042_00039;49.94;0;-0.9;-1;-1;-1;-1;-1;-1;-1;-1;-1;-1;-1;-1;8.44;0;-0.51;-1;-1;-1;-1;-1;-1;7.44;0;-0.25;7.44;0;-0.25;4.94;0;-0.627;5.94;0;-0.22;-1;-1;-1;-1;-1;-1;3.34;0;-1.16;-1;-1;-1;-1;-1;-1;0;0;-1.16
157_042_00040;48.66;0;-4.45;37.66;0;-4.45;37.66;0;-4.45;37.66;0;-4.45;35.66;0;-2.86;32.66;0;-1.87;-1;-1;-1;-1;-1;-1;12.66;0;-0.06;12.16;0;-0.07;9.66;0;-0.03;8.66;0;-0.03;-1;-1;-1;-1;-1;-1;6.29;0;-1.21;-1;-1;-1;-1;-1;-1;0;0;-1.8
157_042_00041;47.51;0;-2.8;37.86;0;-2.77;36.18;0;-4.45;35.18;0;-4.45;32.51;0;-2.62;29.556;0;-2.625;-1;-1;-1;-1;-1;-1;11.51;0;-0.19;11.01;0;-0.26;8.51;0;-0.13;6.01;0;-0.21;-1;-1;-1;-1;-1;-1;4.46;0;-1.39;-1;-1;-1;-1;-1;-1;0;0;-1.8
157_042_00042;61.93;0;-2.95;53.94;0;-3.43;52.92;0;-4.45;51.92;0;-4.45;50.43;0;-2.96;48.93;0;-2.95;-1;-1;-1;-1;-1;-1;29.93;0;-0.12;29.93;0;-0.12;27.43;0;-0.2;23.93;0;-0.41;-1;-1;-1;-1;-1;-1;12.78;0;-4.5;-1;-1;-1;-1;-1;-1;0;0;-4.5
157_042_00043;61.93;0;-2.95;53.94;0;-3.43;52.92;0;-4.45;51.92;0;-4.45;50.43;0;-2.96;48.43;0;-2.78;-1;-1;-1;-1;-1;-1;29.93;0;-0.12;29.93;0;-0.12;27.43;0;-0.2;23.93;0;-0.41;-1;-1;-1;-1;-1;-1;12.78;0;-4.5;-1;-1;-1;-1;-1;-1;0;0;-4.5
199_042_00001;58.5;0;-3.92;52;0;-4.11;50.12;0;-5.17;49.68;0;-5.17;48.233;0;-4.34;40;0;-3.11;-1;-1;-1;-1;-1;-1;23;0;-0.19;19.5;0;0.14;17;0;0.07;12;0;-0.11;-1;-1;-1;-1;-1;-1;9.5;0;-0.59;-1;-1;-1;-1;-1;-1;0;0;-0.66
199_042_00002;50;0;-3.31;-1;-1;-1;-1;-1;-1;-1;-1;-1;-1;-1;-1;46.06;0;-3.31;-1;-1;-1;-1;-1;-1;10.94;0;-0.12;9.65;0;-0.25;7.15;0;-0.13;1.91;0;-0.15;-1;-1;-1;-1;-1;-1;0.45;0;-0.94;-1;-1;-1;-1;-1;-1;0;0;-1.2
199_042_00005;58.5;0;-3.92;52;0;-4.11;50.12;0;-5.17;49.68;0;-5.17;48;0;-4.13;43.5;0;-3.42;-1;-1;-1;-1;-1;-1;23;0;-0.19;19.5;0;0.14;17;0;0.07;12;0;-0.11;-1;-1;-1;-1;-1;-1;9.5;0;-0.59;-1;-1;-1;-1;-1;-1;0;0;-0.66
199_042_00006;65;0;-5.67;54.82;0;-5.67;54.82;0;-5.67;54.82;0;-5.67;49.19;0;-3.77;26.03;0;-2.41;-1;-1;-1;-1;-1;-1;15.59;0;-0.35;15.59;0;-0.35;13.09;0;-0.185;8.03;0;-0.15;-1;-1;-1;-1;-1;-1;4.46;0;-1.34;-1;-1;-1;-1;-1;-1;0;0;-1.34
199_042_00007;60;0;-4.18;-1;-1;-1;-1;-1;-1;-1;-1;-1;-1;-1;-1;33.5;0;-2.72;-1;-1;-1;-1;-1;-1;17;0;-0.33;15;0;-0.04;12.5;0;-0.05;11;0;-0.18;-1;-1;-1;-1;-1;-1;10.13;0;-0.615;-1;-1;-1;-1;-1;-1;0;0;-0.615
199_042_00008;66;0;-3.89;59.375;0;-4.592;58.22;0;-5.17;57.02;0;-5.17;55.742;0;-4.512;55;0;-4.13;-1;-1;-1;-1;-1;-1;23;0;-0.57;19;0;-0.1;16.5;0;0.07;11;0;-0.07;-1;-1;-1;-1;-1;-1;9;0;-0.61;-1;-1;-1;-1;-1;-1;0;0;-0.61
199_042_00009;50;0;-3.36;-1;-1;-1;-1;-1;-1;-1;-1;-1;-1;-1;-1;36.4;0;-3.41;-1;-1;-1;-1;-1;-1;7.82;0;-0.14;7.82;0;-0.14;5.32;0;-0.089;3.78;0;-0.14;-1;-1;-1;-1;-1;-1;0.406;0;-0.92;-1;-1;-1;-1;-1;-1;0;0;-1.27
199_042_00010;50;0;-3.36;43.96;0;-3.42;42.97;0;-5.08;41.11;0;-5.09;36.4;0;-3.41;29.84;0;-3.21;-1;-1;-1;-1;-1;-1;7.82;0;-0.14;7.82;0;-0.14;5.32;0;-0.089;3.78;0;-0.14;-1;-1;-1;-1;-1;-1;0.406;0;-0.92;-1;-1;-1;-1;-1;-1;0;0;-1.27
199_042_00011;50;0;-3.36;-1;-1;-1;-1;-1;-1;-1;-1;-1;-1;-1;-1;36.4;0;-3.41;-1;-1;-1;-1;-1;-1;7.82;0;-0.14;7.82;0;-0.14;5.32;0;-0.089;3.78;0;-0.14;-1;-1;-1;-1;-1;-1;0.406;0;-0.92;-1;-1;-1;-1;-1;-1;0;0;-1.27
199_042_00012;50;0;-3.36;43.96;0;-3.42;42.97;0;-5.08;41.11;0;-5.09;36.4;0;-3.41;29.84;0;-3.21;-1;-1;-1;-1;-1;-1;7.82;0;-0.14;7.82;0;-0.14;5.32;0;-0.089;3.78;0;-0.14;-1;-1;-1;-1;-1;-1;0.406;0;-0.92;-1;-1;-1;-1;-1;-1;0;0;-1.27
199_042_00013;58.5;0;-3.92;52.5;0;-3.88;50.12;0;-5.17;49.68;0;-5.17;46.5;0;-3.69;46.5;0;-3.69;-1;-1;-1;-1;-1;-1;21;0;0;21;0;0;18.5;0;0.115;12;0;-0.11;-1;-1;-1;-1;-1;-1;9.5;0;-0.59;-1;-1;-1;-1;-1;-1;0;0;-0.66
199_042_00014;58.5;0;-3.92;52.5;0;-3.88;50.12;0;-5.17;49.68;0;-5.17;46.5;0;-3.69;46.5;0;-3.69;-1;-1;-1;-1;-1;-1;21;0;0;21;0;0;18.5;0;0.115;12;0;-0.11;-1;-1;-1;-1;-1;-1;9.5;0;-0.59;-1;-1;-1;-1;-1;-1;0;0;-0.66
242_042_00001;21.5;0;-0.89;-1;-1;-1;-1;-1;-1;-1;-1;-1;-1;-1;-1;10.5;0;-0.86;-1;-1;-1;-1;-1;-1;7.5;0;-0.09;7.5;0;-0.09;5;0;-0.63;6;0;-0.11;-1;-1;-1;-1;-1;-1;1.7;0;-1.7;-1;-1;-1;-1;-1;-1;0;0;-1.7
242_042_00010;30;0;-3.4;23.5;0;-3.4;23.5;0;-3.4;23.5;0;-3.4;20;0;-1.55;14;0;-1.35;-1;-1;-1;-1;-1;-1;10;0;-0.17;10;0;-0.17;7.5;0;-0.52;8.5;0;-0.03;-1;-1;-1;-1;-1;-1;5;0;-1.6;-1;-1;-1;-1;-1;-1;0;0;-1.6
242_042_00022;21.5;0;-0.89;-1;-1;-1;-1;-1;-1;-1;-1;-1;-1;-1;-1;10.5;0;-0.86;-1;-1;-1;-1;-1;-1;7.5;0;-0.09;7.5;0;-0.09;5;0;-0.63;6;0;-0.11;-1;-1;-1;-1;-1;-1;1.7;0;-1.7;-1;-1;-1;-1;-1;-1;0;0;-1.7
242_042_00023;21.5;0;-0.89;-1;-1;-1;-1;-1;-1;-1;-1;-1;-1;-1;-1;10.5;0;-0.86;-1;-1;-1;-1;-1;-1;7.5;0;-0.09;7.5;0;-0.09;5;0;-0.63;6;0;-0.11;-1;-1;-1;-1;-1;-1;1.7;0;-1.7;-1;-1;-1;-1;-1;-1;0;0;-1.7
242_042_00027;35;0;0.6;24.5;0;-1.44;22.7;0;-3;20.3;0;-3;18;0;-0.6;18;0;-0.6;-1;-1;-1;-1;-1;-1;13.5;0;-0.09;13.5;0;-0.09;11;0;0;9.5;0;-0.01;-1;-1;-1;-1;-1;-1;6.3;0;-1.2;-1;-1;-1;-1;-1;-1;0;0;-1.2
242_042_00029;20;0;-2.6;13.6;0;-2.6;13.6;0;-2.6;13.6;0;-2.6;12;0;-1.03;11.5;0;-0.93;-1;-1;-1;-1;-1;-1;10;0;-0.28;10;0;-0.28;7.5;0;-0.33;7.5;0;-0.33;-1;-1;-1;-1;-1;-1;4.6;0;-1.2;-1;-1;-1;-1;-1;-1;0;0;-1.2
242_042_00031;25;0;-2.75;16.25;0;-2.75;16.25;0;-2.75;16.25;0;-2.75;15;0;-1.48;15;0;-1.48;-1;-1;-1;-1;-1;-1;11;0;-0.25;11;0;-0.25;8.5;0;-0.46;9;0;-0.22;-1;-1;-1;-1;-1;-1;6.473;0;-1.6;-1;-1;-1;-1;-1;-1;0;0;-1.6
242_042_00032;30;0;-3.4;23.5;0;-3.4;23.5;0;-3.4;23.5;0;-3.4;20;0;-1.55;14;0;-1.35;-1;-1;-1;-1;-1;-1;9.5;0;-0.08;9.5;0;-0.08;7;0;-0.58;8.5;0;-0.03;-1;-1;-1;-1;-1;-1;5;0;-1.6;-1;-1;-1;-1;-1;-1;0;0;-1.6
242_042_00033;30;0;-3.4;23.5;0;-3.4;23.5;0;-3.4;23.5;0;-3.4;19.5;0;-1.49;14;0;-1.35;-1;-1;-1;-1;-1;-1;10;0;-0.17;10;0;-0.17;7.5;0;-0.52;8.5;0;-0.03;-1;-1;-1;-1;-1;-1;5;0;-1.6;-1;-1;-1;-1;-1;-1;0;0;-1.6
242_042_00035;31.432;0;-2.75;20.249;0;-2.75;20.249;0;-2.75;20.249;0;-2.75;19.432;0;-2.18;19.432;0;-2.18;-1;-1;-1;-1;-1;-1;12.432;0;-0.24;12.432;0;-0.24;9.932;0;-0.34;9.932;0;-0.34;-1;-1;-1;-1;-1;-1;3.678;0;-2.8;-1;-1;-1;-1;-1;-1;0;0;-2.8
242_042_00036;31.432;0;-2.75;20.249;0;-2.75;20.249;0;-2.75;20.249;0;-2.75;19.799;0;-2.33;19.799;0;-2.33;-1;-1;-1;-1;-1;-1;12.432;0;-0.24;12.432;0;-0.24;9.932;0;-0.34;10.432;0;-0.18;-1;-1;-1;-1;-1;-1;3.678;0;-2.8;-1;-1;-1;-1;-1;-1;0;0;-2.8
242_042_00037;31.432;0;-2.75;20.249;0;-2.75;20.249;0;-2.75;20.249;0;-2.75;19.432;0;-2.18;17.932;0;-1.51;-1;-1;-1;-1;-1;-1;12.432;0;-0.24;12.432;0;-0.24;9.932;0;-0.34;10.432;0;-0.18;-1;-1;-1;-1;-1;-1;3.678;0;-2.8;-1;-1;-1;-1;-1;-1;0;0;-2.8
242_042_00039;31.43;0;-3;24.166;0;-3;24.166;0;-3;24.166;0;-3;22.43;0;-1.4;22.43;0;-1.4;-1;-1;-1;-1;-1;-1;16.93;0;0.09;16.43;0;0.09;13.93;0;0.09;10.93;0;0.01;-1;-1;-1;-1;-1;-1;3.68;0;-2.8;-1;-1;-1;-1;-1;-1;0;0;-2.8
242_042_00040;25;0;-2.75;17.6;0;-2.75;17.6;0;-2.75;17.6;0;-2.75;17;0;-2.16;17;0;-2.16;-1;-1;-1;-1;-1;-1;9.5;0;-0.11;9.5;0;-0.11;7;0;-0.46;7.5;0;-0.24;-1;-1;-1;-1;-1;-1;4.5;0;-1.6;-1;-1;-1;-1;-1;-1;0;0;-1.6
242_042_00041;70.5;0;-1.79;69;0;-1.95;68.2;0;-2.75;66.55;0;-2.75;64;0;-1.48;13;0;-1.1;-1;-1;-1;-1;-1;-1;11;0;-0.4;10.5;0;-0.23;8;0;-0.43;8.5;0;-0.22;-1;-1;-1;-1;-1;-1;6;0;-1.6;-1;-1;-1;-1;-1;-1;0;0;-1.6
242_042_00042;58;0;-2.75;55.95;0;-2.75;55.95;0;-2.75;55.95;0;-2.75;52.5;0;-1.04;12.5;0;-0.51;-1;-1;-1;-1;-1;-1;10;0;0.05;10;0;0.05;7.5;0;-0.6;8.5;0;0.01;-1;-1;-1;-1;-1;-1;6;0;-1.6;-1;-1;-1;-1;-1;-1;0;0;-1.6
242_042_00043;20;0;-3;15.6;0;-3;15.6;0;-3;15.6;0;-3;13;0;-1.13;9.5;0;-0.92;-1;-1;-1;-1;-1;-1;6.5;0;-0.31;6.5;0;-0.31;4;0;-0.767;5;0;-0.31;-1;-1;-1;-1;-1;-1;2.7;0;-1.2;-1;-1;-1;-1;-1;-1;0;0;-1.2
242_042_00044;20;0;-2.6;13.6;0;-2.6;13.6;0;-2.6;13.6;0;-2.6;12;0;-1.03;12;0;-1.03;-1;-1;-1;-1;-1;-1;10;0;-0.28;10;0;-0.28;7.5;0;-0.33;7.5;0;-0.33;-1;-1;-1;-1;-1;-1;4.6;0;-1.2;-1;-1;-1;-1;-1;-1;0;0;-1.2
